id,observed_at,detector,family,severity,evidence,subsystem,incidents,interpretation,action
A-000062,2026-01-01T12:02:40+00:00,R3,Rule-based detections,WARNING,Temperature 88.0 C exceeds 85 C by 3.0 C,Thermal,INC-001,Telemetry hard-limit violation; this does not establish its cause.,Increase telemetry monitoring; Consider affected-subsystem safe-mode simulation after operator verification
A-000061,2026-01-01T12:02:39+00:00,R3,Rule-based detections,WARNING,Temperature 88.0 C exceeds 85 C by 3.0 C,Thermal,INC-001,Telemetry hard-limit violation; this does not establish its cause.,Increase telemetry monitoring; Consider affected-subsystem safe-mode simulation after operator verification
A-000060,2026-01-01T12:02:38+00:00,R3,Rule-based detections,WARNING,Temperature 88.0 C exceeds 85 C by 3.0 C,Thermal,INC-001,Telemetry hard-limit violation; this does not establish its cause.,Increase telemetry monitoring; Consider affected-subsystem safe-mode simulation after operator verification
A-000059,2026-01-01T12:02:37+00:00,R3,Rule-based detections,WARNING,Temperature 88.0 C exceeds 85 C by 3.0 C,Thermal,INC-001,Telemetry hard-limit violation; this does not establish its cause.,Increase telemetry monitoring; Consider affected-subsystem safe-mode simulation after operator verification
A-000058,2026-01-01T12:02:36+00:00,R3,Rule-based detections,WARNING,Temperature 88.0 C exceeds 85 C by 3.0 C,Thermal,INC-001,Telemetry hard-limit violation; this does not establish its cause.,Increase telemetry monitoring; Consider affected-subsystem safe-mode simulation after operator verification
A-000057,2026-01-01T12:02:35+00:00,R3,Rule-based detections,WARNING,Temperature 88.0 C exceeds 85 C by 3.0 C,Thermal,INC-001,Telemetry hard-limit violation; this does not establish its cause.,Increase telemetry monitoring; Consider affected-subsystem safe-mode simulation after operator verification
A-000056,2026-01-01T12:02:34+00:00,R3,Rule-based detections,WARNING,Temperature 88.0 C exceeds 85 C by 3.0 C,Thermal,INC-001,Telemetry hard-limit violation; this does not establish its cause.,Increase telemetry monitoring; Consider affected-subsystem safe-mode simulation after operator verification
A-000055,2026-01-01T12:02:33+00:00,R3,Rule-based detections,WARNING,Temperature 88.0 C exceeds 85 C by 3.0 C,Thermal,INC-001,Telemetry hard-limit violation; this does not establish its cause.,Increase telemetry monitoring; Consider affected-subsystem safe-mode simulation after operator verification
A-000054,2026-01-01T12:02:32+00:00,R3,Rule-based detections,WARNING,Temperature 88.0 C exceeds 85 C by 3.0 C,Thermal,INC-001,Telemetry hard-limit violation; this does not establish its cause.,Increase telemetry monitoring; Consider affected-subsystem safe-mode simulation after operator verification
A-000053,2026-01-01T12:02:31+00:00,R3,Rule-based detections,WARNING,Temperature 88.0 C exceeds 85 C by 3.0 C,Thermal,INC-001,Telemetry hard-limit violation; this does not establish its cause.,Increase telemetry monitoring; Consider affected-subsystem safe-mode simulation after operator verification
A-000052,2026-01-01T12:02:30+00:00,R3,Rule-based detections,WARNING,Temperature 88.0 C exceeds 85 C by 3.0 C,Thermal,INC-001,Telemetry hard-limit violation; this does not establish its cause.,Increase telemetry monitoring; Consider affected-subsystem safe-mode simulation after operator verification
A-000051,2026-01-01T12:02:29+00:00,R3,Rule-based detections,WARNING,Temperature 88.0 C exceeds 85 C by 3.0 C,Thermal,INC-001,Telemetry hard-limit violation; this does not establish its cause.,Increase telemetry monitoring; Consider affected-subsystem safe-mode simulation after operator verification
A-000050,2026-01-01T12:02:28+00:00,R3,Rule-based detections,WARNING,Temperature 88.0 C exceeds 85 C by 3.0 C,Thermal,INC-001,Telemetry hard-limit violation; this does not establish its cause.,Increase telemetry monitoring; Consider affected-subsystem safe-mode simulation after operator verification
A-000049,2026-01-01T12:02:27+00:00,R3,Rule-based detections,WARNING,Temperature 88.0 C exceeds 85 C by 3.0 C,Thermal,INC-001,Telemetry hard-limit violation; this does not establish its cause.,Increase telemetry monitoring; Consider affected-subsystem safe-mode simulation after operator verification
A-000048,2026-01-01T12:02:26+00:00,R3,Rule-based detections,WARNING,Temperature 88.0 C exceeds 85 C by 3.0 C,Thermal,INC-001,Telemetry hard-limit violation; this does not establish its cause.,Increase telemetry monitoring; Consider affected-subsystem safe-mode simulation after operator verification
A-000047,2026-01-01T12:02:25+00:00,R3,Rule-based detections,WARNING,Temperature 88.0 C exceeds 85 C by 3.0 C,Thermal,INC-001,Telemetry hard-limit violation; this does not establish its cause.,Increase telemetry monitoring; Consider affected-subsystem safe-mode simulation after operator verification
A-000046,2026-01-01T12:02:24+00:00,R3,Rule-based detections,WARNING,Temperature 88.0 C exceeds 85 C by 3.0 C,Thermal,INC-001,Telemetry hard-limit violation; this does not establish its cause.,Increase telemetry monitoring; Consider affected-subsystem safe-mode simulation after operator verification
A-000045,2026-01-01T12:02:23+00:00,R3,Rule-based detections,WARNING,Temperature 88.0 C exceeds 85 C by 3.0 C,Thermal,INC-001,Telemetry hard-limit violation; this does not establish its cause.,Increase telemetry monitoring; Consider affected-subsystem safe-mode simulation after operator verification
A-000044,2026-01-01T12:02:22+00:00,R3,Rule-based detections,WARNING,Temperature 88.0 C exceeds 85 C by 3.0 C,Thermal,INC-001,Telemetry hard-limit violation; this does not establish its cause.,Increase telemetry monitoring; Consider affected-subsystem safe-mode simulation after operator verification
A-000043,2026-01-01T12:02:21+00:00,R3,Rule-based detections,WARNING,Temperature 88.0 C exceeds 85 C by 3.0 C,Thermal,INC-001,Telemetry hard-limit violation; this does not establish its cause.,Increase telemetry monitoring; Consider affected-subsystem safe-mode simulation after operator verification
A-000042,2026-01-01T12:02:20+00:00,R3,Rule-based detections,WARNING,Temperature 88.0 C exceeds 85 C by 3.0 C,Thermal,INC-001,Telemetry hard-limit violation; this does not establish its cause.,Increase telemetry monitoring; Consider affected-subsystem safe-mode simulation after operator verification
A-000041,2026-01-01T12:02:19+00:00,R3,Rule-based detections,WARNING,Temperature 88.0 C exceeds 85 C by 3.0 C,Thermal,INC-001,Telemetry hard-limit violation; this does not establish its cause.,Increase telemetry monitoring; Consider affected-subsystem safe-mode simulation after operator verification
A-000040,2026-01-01T12:02:18+00:00,R3,Rule-based detections,WARNING,Temperature 88.0 C exceeds 85 C by 3.0 C,Thermal,INC-001,Telemetry hard-limit violation; this does not establish its cause.,Increase telemetry monitoring; Consider affected-subsystem safe-mode simulation after operator verification
A-000039,2026-01-01T12:02:17+00:00,R3,Rule-based detections,WARNING,Temperature 88.0 C exceeds 85 C by 3.0 C,Thermal,INC-001,Telemetry hard-limit violation; this does not establish its cause.,Increase telemetry monitoring; Consider affected-subsystem safe-mode simulation after operator verification
A-000038,2026-01-01T12:02:16+00:00,R3,Rule-based detections,WARNING,Temperature 88.0 C exceeds 85 C by 3.0 C,Thermal,INC-001,Telemetry hard-limit violation; this does not establish its cause.,Increase telemetry monitoring; Consider affected-subsystem safe-mode simulation after operator verification
A-000037,2026-01-01T12:02:15+00:00,R3,Rule-based detections,WARNING,Temperature 88.0 C exceeds 85 C by 3.0 C,Thermal,INC-001,Telemetry hard-limit violation; this does not establish its cause.,Increase telemetry monitoring; Consider affected-subsystem safe-mode simulation after operator verification
A-000036,2026-01-01T12:02:14+00:00,R3,Rule-based detections,WARNING,Temperature 88.0 C exceeds 85 C by 3.0 C,Thermal,INC-001,Telemetry hard-limit violation; this does not establish its cause.,Increase telemetry monitoring; Consider affected-subsystem safe-mode simulation after operator verification
A-000035,2026-01-01T12:02:13+00:00,R3,Rule-based detections,WARNING,Temperature 88.0 C exceeds 85 C by 3.0 C,Thermal,INC-001,Telemetry hard-limit violation; this does not establish its cause.,Increase telemetry monitoring; Consider affected-subsystem safe-mode simulation after operator verification
A-000034,2026-01-01T12:02:12+00:00,R3,Rule-based detections,WARNING,Temperature 88.0 C exceeds 85 C by 3.0 C,Thermal,INC-001,Telemetry hard-limit violation; this does not establish its cause.,Increase telemetry monitoring; Consider affected-subsystem safe-mode simulation after operator verification
A-000033,2026-01-01T12:02:11+00:00,R3,Rule-based detections,WARNING,Temperature 88.0 C exceeds 85 C by 3.0 C,Thermal,INC-001,Telemetry hard-limit violation; this does not establish its cause.,Increase telemetry monitoring; Consider affected-subsystem safe-mode simulation after operator verification
A-000032,2026-01-01T12:02:10+00:00,R3,Rule-based detections,WARNING,Temperature 88.0 C exceeds 85 C by 3.0 C,Thermal,INC-001,Telemetry hard-limit violation; this does not establish its cause.,Increase telemetry monitoring; Consider affected-subsystem safe-mode simulation after operator verification
A-000031,2026-01-01T12:02:09+00:00,R3,Rule-based detections,WARNING,Temperature 88.0 C exceeds 85 C by 3.0 C,Thermal,INC-001,Telemetry hard-limit violation; this does not establish its cause.,Increase telemetry monitoring; Consider affected-subsystem safe-mode simulation after operator verification
A-000030,2026-01-01T12:02:08+00:00,R3,Rule-based detections,WARNING,Temperature 88.0 C exceeds 85 C by 3.0 C,Thermal,INC-001,Telemetry hard-limit violation; this does not establish its cause.,Increase telemetry monitoring; Consider affected-subsystem safe-mode simulation after operator verification
A-000029,2026-01-01T12:02:07+00:00,R3,Rule-based detections,WARNING,Temperature 88.0 C exceeds 85 C by 3.0 C,Thermal,INC-001,Telemetry hard-limit violation; this does not establish its cause.,Increase telemetry monitoring; Consider affected-subsystem safe-mode simulation after operator verification
A-000028,2026-01-01T12:02:06+00:00,R3,Rule-based detections,WARNING,Temperature 88.0 C exceeds 85 C by 3.0 C,Thermal,INC-001,Telemetry hard-limit violation; this does not establish its cause.,Increase telemetry monitoring; Consider affected-subsystem safe-mode simulation after operator verification
A-000027,2026-01-01T12:02:05+00:00,R3,Rule-based detections,WARNING,Temperature 88.0 C exceeds 85 C by 3.0 C,Thermal,INC-001,Telemetry hard-limit violation; this does not establish its cause.,Increase telemetry monitoring; Consider affected-subsystem safe-mode simulation after operator verification
A-000026,2026-01-01T12:02:04+00:00,R3,Rule-based detections,WARNING,Temperature 88.0 C exceeds 85 C by 3.0 C,Thermal,INC-001,Telemetry hard-limit violation; this does not establish its cause.,Increase telemetry monitoring; Consider affected-subsystem safe-mode simulation after operator verification
A-000025,2026-01-01T12:02:03+00:00,R3,Rule-based detections,WARNING,Temperature 88.0 C exceeds 85 C by 3.0 C,Thermal,INC-001,Telemetry hard-limit violation; this does not establish its cause.,Increase telemetry monitoring; Consider affected-subsystem safe-mode simulation after operator verification
A-000024,2026-01-01T12:02:02+00:00,R3,Rule-based detections,WARNING,Temperature 88.0 C exceeds 85 C by 3.0 C,Thermal,INC-001,Telemetry hard-limit violation; this does not establish its cause.,Increase telemetry monitoring; Consider affected-subsystem safe-mode simulation after operator verification
A-000023,2026-01-01T12:02:01+00:00,R3,Rule-based detections,WARNING,Temperature 88.0 C exceeds 85 C by 3.0 C,Thermal,INC-001,Telemetry hard-limit violation; this does not establish its cause.,Increase telemetry monitoring; Consider affected-subsystem safe-mode simulation after operator verification
A-000022,2026-01-01T12:02:00+00:00,R3,Rule-based detections,WARNING,Temperature 88.0 C exceeds 85 C by 3.0 C,Thermal,INC-001,Telemetry hard-limit violation; this does not establish its cause.,Increase telemetry monitoring; Consider affected-subsystem safe-mode simulation after operator verification
A-000021,2026-01-01T12:01:59+00:00,R3,Rule-based detections,WARNING,Temperature 88.0 C exceeds 85 C by 3.0 C,Thermal,INC-001,Telemetry hard-limit violation; this does not establish its cause.,Increase telemetry monitoring; Consider affected-subsystem safe-mode simulation after operator verification
A-000020,2026-01-01T12:01:58+00:00,R3,Rule-based detections,WARNING,Temperature 88.0 C exceeds 85 C by 3.0 C,Thermal,INC-001,Telemetry hard-limit violation; this does not establish its cause.,Increase telemetry monitoring; Consider affected-subsystem safe-mode simulation after operator verification
A-000019,2026-01-01T12:01:57+00:00,R3,Rule-based detections,WARNING,Temperature 88.0 C exceeds 85 C by 3.0 C,Thermal,INC-001,Telemetry hard-limit violation; this does not establish its cause.,Increase telemetry monitoring; Consider affected-subsystem safe-mode simulation after operator verification
A-000018,2026-01-01T12:01:56+00:00,R3,Rule-based detections,WARNING,Temperature 88.0 C exceeds 85 C by 3.0 C,Thermal,INC-001,Telemetry hard-limit violation; this does not establish its cause.,Increase telemetry monitoring; Consider affected-subsystem safe-mode simulation after operator verification
A-000017,2026-01-01T12:01:55+00:00,R3,Rule-based detections,WARNING,Temperature 88.0 C exceeds 85 C by 3.0 C,Thermal,INC-001,Telemetry hard-limit violation; this does not establish its cause.,Increase telemetry monitoring; Consider affected-subsystem safe-mode simulation after operator verification
A-000016,2026-01-01T12:01:54+00:00,R3,Rule-based detections,WARNING,Temperature 88.0 C exceeds 85 C by 3.0 C,Thermal,INC-001,Telemetry hard-limit violation; this does not establish its cause.,Increase telemetry monitoring; Consider affected-subsystem safe-mode simulation after operator verification
A-000015,2026-01-01T12:01:53+00:00,R3,Rule-based detections,WARNING,Temperature 88.0 C exceeds 85 C by 3.0 C,Thermal,INC-001,Telemetry hard-limit violation; this does not establish its cause.,Increase telemetry monitoring; Consider affected-subsystem safe-mode simulation after operator verification
A-000014,2026-01-01T12:01:52+00:00,R3,Rule-based detections,WARNING,Temperature 88.0 C exceeds 85 C by 3.0 C,Thermal,INC-001,Telemetry hard-limit violation; this does not establish its cause.,Increase telemetry monitoring; Consider affected-subsystem safe-mode simulation after operator verification
A-000013,2026-01-01T12:01:51+00:00,R3,Rule-based detections,WARNING,Temperature 88.0 C exceeds 85 C by 3.0 C,Thermal,INC-001,Telemetry hard-limit violation; this does not establish its cause.,Increase telemetry monitoring; Consider affected-subsystem safe-mode simulation after operator verification
A-000012,2026-01-01T12:01:50+00:00,R3,Rule-based detections,WARNING,Temperature 88.0 C exceeds 85 C by 3.0 C,Thermal,INC-001,Telemetry hard-limit violation; this does not establish its cause.,Increase telemetry monitoring; Consider affected-subsystem safe-mode simulation after operator verification
A-000011,2026-01-01T12:01:49+00:00,R3,Rule-based detections,WARNING,Temperature 88.0 C exceeds 85 C by 3.0 C,Thermal,INC-001,Telemetry hard-limit violation; this does not establish its cause.,Increase telemetry monitoring; Consider affected-subsystem safe-mode simulation after operator verification
A-000010,2026-01-01T12:01:48+00:00,R3,Rule-based detections,WARNING,Temperature 88.0 C exceeds 85 C by 3.0 C,Thermal,INC-001,Telemetry hard-limit violation; this does not establish its cause.,Increase telemetry monitoring; Consider affected-subsystem safe-mode simulation after operator verification
A-000009,2026-01-01T12:01:47+00:00,R3,Rule-based detections,WARNING,Temperature 88.0 C exceeds 85 C by 3.0 C,Thermal,INC-001,Telemetry hard-limit violation; this does not establish its cause.,Increase telemetry monitoring; Consider affected-subsystem safe-mode simulation after operator verification
A-000008,2026-01-01T12:01:46+00:00,R3,Rule-based detections,WARNING,Temperature 88.0 C exceeds 85 C by 3.0 C,Thermal,INC-001,Telemetry hard-limit violation; this does not establish its cause.,Increase telemetry monitoring; Consider affected-subsystem safe-mode simulation after operator verification
A-000007,2026-01-01T12:01:45+00:00,R3,Rule-based detections,WARNING,Temperature 88.0 C exceeds 85 C by 3.0 C,Thermal,INC-001,Telemetry hard-limit violation; this does not establish its cause.,Increase telemetry monitoring; Consider affected-subsystem safe-mode simulation after operator verification
A-000006,2026-01-01T12:01:44+00:00,R3,Rule-based detections,WARNING,Temperature 88.0 C exceeds 85 C by 3.0 C,Thermal,INC-001,Telemetry hard-limit violation; this does not establish its cause.,Increase telemetry monitoring; Consider affected-subsystem safe-mode simulation after operator verification
A-000005,2026-01-01T12:01:43+00:00,R3,Rule-based detections,WARNING,Temperature 88.0 C exceeds 85 C by 3.0 C,Thermal,INC-001,Telemetry hard-limit violation; this does not establish its cause.,Increase telemetry monitoring; Consider affected-subsystem safe-mode simulation after operator verification
A-000004,2026-01-01T12:01:42+00:00,R3,Rule-based detections,WARNING,Temperature 88.0 C exceeds 85 C by 3.0 C,Thermal,INC-001,Telemetry hard-limit violation; this does not establish its cause.,Increase telemetry monitoring; Consider affected-subsystem safe-mode simulation after operator verification
A-000003,2026-01-01T12:01:41+00:00,R3,Rule-based detections,WARNING,Temperature 88.0 C exceeds 85 C by 3.0 C,Thermal,INC-001,Telemetry hard-limit violation; this does not establish its cause.,Increase telemetry monitoring; Consider affected-subsystem safe-mode simulation after operator verification
A-000002,2026-01-01T12:01:40+00:00,R3,Rule-based detections,WARNING,Temperature 88.0 C exceeds 85 C by 3.0 C,Thermal,INC-001,Telemetry hard-limit violation; this does not establish its cause.,Increase telemetry monitoring; Consider affected-subsystem safe-mode simulation after operator verification
A-000001,2026-01-01T12:01:26+00:00,R2,Rule-based detections,CRITICAL,"Command flood detected (11 commands in rolling 60s); threshold >10 in (t-60s, t]; first observable threshold crossing",Command channel,INC-001,Command-rate policy violation; authorization alone does not make a burst harmless.,Consider temporarily restricting the command channel pending operator verification
A-000000,2026-01-01T12:00:20+00:00,R1,Rule-based detections,CRITICAL,Unauthorized command source UNKNOWN_1 with type CONFIG_UPDATE,Command channel,INC-001,Command authorization policy violation; verify the origin and operator intent.,Verify ground-station identity with the operator; Consider rejecting the unrecognized command source
