seed,case,method,reference_incidents,emitted_incidents,detected_reference_incidents,matched_groups,unmatched_groups,extra_matched_fragments,group_precision,reference_recall,first_supported_association_delay_seconds,true_negatives,note,unmatched_groups_per_hour
301,E1,Phase A hybrid,0,0,0,0,0,0,,,,,Temporal support only; no causal attribution. TN/FPR undefined for incident groups.,0.0
301,E1,Phase A.2 hybrid,0,0,0,0,0,0,,,,,Temporal support only; no causal attribution. TN/FPR undefined for incident groups.,0.0
301,E2,Phase A hybrid,0,0,0,0,0,0,,,,,Temporal support only; no causal attribution. TN/FPR undefined for incident groups.,0.0
301,E2,Phase A.2 hybrid,0,0,0,0,0,0,,,,,Temporal support only; no causal attribution. TN/FPR undefined for incident groups.,0.0
301,E3,Phase A hybrid,0,0,0,0,0,0,,,,,Temporal support only; no causal attribution. TN/FPR undefined for incident groups.,0.0
301,E3,Phase A.2 hybrid,0,0,0,0,0,0,,,,,Temporal support only; no causal attribution. TN/FPR undefined for incident groups.,0.0
301,E4,Phase A hybrid,0,0,0,0,0,0,,,,,Temporal support only; no causal attribution. TN/FPR undefined for incident groups.,0.0
301,E4,Phase A.2 hybrid,0,0,0,0,0,0,,,,,Temporal support only; no causal attribution. TN/FPR undefined for incident groups.,0.0
301,E5,Phase A hybrid,0,0,0,0,0,0,,,,,Temporal support only; no causal attribution. TN/FPR undefined for incident groups.,0.0
301,E5,Phase A.2 hybrid,0,0,0,0,0,0,,,,,Temporal support only; no causal attribution. TN/FPR undefined for incident groups.,0.0
301,E6,Phase A hybrid,1,1,1,1,0,0,1.0,1.0,0.0,,Temporal support only; no causal attribution. TN/FPR undefined for incident groups.,0.0
301,E6,Phase A.2 hybrid,1,1,1,1,0,0,1.0,1.0,0.0,,Temporal support only; no causal attribution. TN/FPR undefined for incident groups.,0.0
301,E7,Phase A hybrid,1,1,1,1,0,0,1.0,1.0,25.0,,Temporal support only; no causal attribution. TN/FPR undefined for incident groups.,0.0
301,E7,Phase A.2 hybrid,1,1,1,1,0,0,1.0,1.0,25.0,,Temporal support only; no causal attribution. TN/FPR undefined for incident groups.,0.0
301,benign_command_burst,Phase A hybrid,0,0,0,0,0,0,,,,,Temporal support only; no causal attribution. TN/FPR undefined for incident groups.,0.0
301,benign_command_burst,Phase A.2 hybrid,0,0,0,0,0,0,,,,,Temporal support only; no causal attribution. TN/FPR undefined for incident groups.,0.0
301,benign_authorized_peer,Phase A hybrid,0,0,0,0,0,0,,,,,Temporal support only; no causal attribution. TN/FPR undefined for incident groups.,0.0
301,benign_authorized_peer,Phase A.2 hybrid,0,0,0,0,0,0,,,,,Temporal support only; no causal attribution. TN/FPR undefined for incident groups.,0.0
301,benign_load,Phase A hybrid,0,0,0,0,0,0,,,,,Temporal support only; no causal attribution. TN/FPR undefined for incident groups.,0.0
301,benign_load,Phase A.2 hybrid,0,0,0,0,0,0,,,,,Temporal support only; no causal attribution. TN/FPR undefined for incident groups.,0.0
301,benign_telemetry,Phase A hybrid,0,0,0,0,0,0,,,,,Temporal support only; no causal attribution. TN/FPR undefined for incident groups.,0.0
301,benign_telemetry,Phase A.2 hybrid,0,0,0,0,0,0,,,,,Temporal support only; no causal attribution. TN/FPR undefined for incident groups.,0.0
301,attack_primary_unauthorized,Phase A hybrid,0,0,0,0,0,0,,,,,Temporal support only; no causal attribution. TN/FPR undefined for incident groups.,0.0
301,attack_primary_unauthorized,Phase A.2 hybrid,0,0,0,0,0,0,,,,,Temporal support only; no causal attribution. TN/FPR undefined for incident groups.,0.0
301,attack_boundary_flood,Phase A hybrid,0,0,0,0,0,0,,,,,Temporal support only; no causal attribution. TN/FPR undefined for incident groups.,0.0
301,attack_boundary_flood,Phase A.2 hybrid,0,0,0,0,0,0,,,,,Temporal support only; no causal attribution. TN/FPR undefined for incident groups.,0.0
301,attack_low_network,Phase A hybrid,0,0,0,0,0,0,,,,,Temporal support only; no causal attribution. TN/FPR undefined for incident groups.,0.0
301,attack_low_network,Phase A.2 hybrid,0,0,0,0,0,0,,,,,Temporal support only; no causal attribution. TN/FPR undefined for incident groups.,0.0
301,attack_short_thermal,Phase A hybrid,0,0,0,0,0,0,,,,,Temporal support only; no causal attribution. TN/FPR undefined for incident groups.,0.0
301,attack_short_thermal,Phase A.2 hybrid,0,0,0,0,0,0,,,,,Temporal support only; no causal attribution. TN/FPR undefined for incident groups.,0.0
301,attack_reordered,Phase A hybrid,1,1,1,1,0,0,1.0,1.0,30.0,,Temporal support only; no causal attribution. TN/FPR undefined for incident groups.,0.0
301,attack_reordered,Phase A.2 hybrid,1,1,1,1,0,0,1.0,1.0,30.0,,Temporal support only; no causal attribution. TN/FPR undefined for incident groups.,0.0
302,E1,Phase A hybrid,0,0,0,0,0,0,,,,,Temporal support only; no causal attribution. TN/FPR undefined for incident groups.,0.0
302,E1,Phase A.2 hybrid,0,0,0,0,0,0,,,,,Temporal support only; no causal attribution. TN/FPR undefined for incident groups.,0.0
302,E2,Phase A hybrid,0,0,0,0,0,0,,,,,Temporal support only; no causal attribution. TN/FPR undefined for incident groups.,0.0
302,E2,Phase A.2 hybrid,0,0,0,0,0,0,,,,,Temporal support only; no causal attribution. TN/FPR undefined for incident groups.,0.0
302,E3,Phase A hybrid,0,0,0,0,0,0,,,,,Temporal support only; no causal attribution. TN/FPR undefined for incident groups.,0.0
302,E3,Phase A.2 hybrid,0,0,0,0,0,0,,,,,Temporal support only; no causal attribution. TN/FPR undefined for incident groups.,0.0
302,E4,Phase A hybrid,0,0,0,0,0,0,,,,,Temporal support only; no causal attribution. TN/FPR undefined for incident groups.,0.0
302,E4,Phase A.2 hybrid,0,0,0,0,0,0,,,,,Temporal support only; no causal attribution. TN/FPR undefined for incident groups.,0.0
302,E5,Phase A hybrid,0,0,0,0,0,0,,,,,Temporal support only; no causal attribution. TN/FPR undefined for incident groups.,0.0
302,E5,Phase A.2 hybrid,0,0,0,0,0,0,,,,,Temporal support only; no causal attribution. TN/FPR undefined for incident groups.,0.0
302,E6,Phase A hybrid,1,1,1,1,0,0,1.0,1.0,0.0,,Temporal support only; no causal attribution. TN/FPR undefined for incident groups.,0.0
302,E6,Phase A.2 hybrid,1,1,1,1,0,0,1.0,1.0,0.0,,Temporal support only; no causal attribution. TN/FPR undefined for incident groups.,0.0
302,E7,Phase A hybrid,1,1,1,1,0,0,1.0,1.0,25.0,,Temporal support only; no causal attribution. TN/FPR undefined for incident groups.,0.0
302,E7,Phase A.2 hybrid,1,1,1,1,0,0,1.0,1.0,25.0,,Temporal support only; no causal attribution. TN/FPR undefined for incident groups.,0.0
302,benign_command_burst,Phase A hybrid,0,0,0,0,0,0,,,,,Temporal support only; no causal attribution. TN/FPR undefined for incident groups.,0.0
302,benign_command_burst,Phase A.2 hybrid,0,0,0,0,0,0,,,,,Temporal support only; no causal attribution. TN/FPR undefined for incident groups.,0.0
302,benign_authorized_peer,Phase A hybrid,0,0,0,0,0,0,,,,,Temporal support only; no causal attribution. TN/FPR undefined for incident groups.,0.0
302,benign_authorized_peer,Phase A.2 hybrid,0,0,0,0,0,0,,,,,Temporal support only; no causal attribution. TN/FPR undefined for incident groups.,0.0
302,benign_load,Phase A hybrid,0,0,0,0,0,0,,,,,Temporal support only; no causal attribution. TN/FPR undefined for incident groups.,0.0
302,benign_load,Phase A.2 hybrid,0,0,0,0,0,0,,,,,Temporal support only; no causal attribution. TN/FPR undefined for incident groups.,0.0
302,benign_telemetry,Phase A hybrid,0,0,0,0,0,0,,,,,Temporal support only; no causal attribution. TN/FPR undefined for incident groups.,0.0
302,benign_telemetry,Phase A.2 hybrid,0,0,0,0,0,0,,,,,Temporal support only; no causal attribution. TN/FPR undefined for incident groups.,0.0
302,attack_primary_unauthorized,Phase A hybrid,0,0,0,0,0,0,,,,,Temporal support only; no causal attribution. TN/FPR undefined for incident groups.,0.0
302,attack_primary_unauthorized,Phase A.2 hybrid,0,0,0,0,0,0,,,,,Temporal support only; no causal attribution. TN/FPR undefined for incident groups.,0.0
302,attack_boundary_flood,Phase A hybrid,0,0,0,0,0,0,,,,,Temporal support only; no causal attribution. TN/FPR undefined for incident groups.,0.0
302,attack_boundary_flood,Phase A.2 hybrid,0,0,0,0,0,0,,,,,Temporal support only; no causal attribution. TN/FPR undefined for incident groups.,0.0
302,attack_low_network,Phase A hybrid,0,0,0,0,0,0,,,,,Temporal support only; no causal attribution. TN/FPR undefined for incident groups.,0.0
302,attack_low_network,Phase A.2 hybrid,0,0,0,0,0,0,,,,,Temporal support only; no causal attribution. TN/FPR undefined for incident groups.,0.0
302,attack_short_thermal,Phase A hybrid,0,0,0,0,0,0,,,,,Temporal support only; no causal attribution. TN/FPR undefined for incident groups.,0.0
302,attack_short_thermal,Phase A.2 hybrid,0,0,0,0,0,0,,,,,Temporal support only; no causal attribution. TN/FPR undefined for incident groups.,0.0
302,attack_reordered,Phase A hybrid,1,1,1,1,0,0,1.0,1.0,30.0,,Temporal support only; no causal attribution. TN/FPR undefined for incident groups.,0.0
302,attack_reordered,Phase A.2 hybrid,1,1,1,1,0,0,1.0,1.0,30.0,,Temporal support only; no causal attribution. TN/FPR undefined for incident groups.,0.0
303,E1,Phase A hybrid,0,0,0,0,0,0,,,,,Temporal support only; no causal attribution. TN/FPR undefined for incident groups.,0.0
303,E1,Phase A.2 hybrid,0,0,0,0,0,0,,,,,Temporal support only; no causal attribution. TN/FPR undefined for incident groups.,0.0
303,E2,Phase A hybrid,0,0,0,0,0,0,,,,,Temporal support only; no causal attribution. TN/FPR undefined for incident groups.,0.0
303,E2,Phase A.2 hybrid,0,0,0,0,0,0,,,,,Temporal support only; no causal attribution. TN/FPR undefined for incident groups.,0.0
303,E3,Phase A hybrid,0,0,0,0,0,0,,,,,Temporal support only; no causal attribution. TN/FPR undefined for incident groups.,0.0
303,E3,Phase A.2 hybrid,0,0,0,0,0,0,,,,,Temporal support only; no causal attribution. TN/FPR undefined for incident groups.,0.0
303,E4,Phase A hybrid,0,0,0,0,0,0,,,,,Temporal support only; no causal attribution. TN/FPR undefined for incident groups.,0.0
303,E4,Phase A.2 hybrid,0,0,0,0,0,0,,,,,Temporal support only; no causal attribution. TN/FPR undefined for incident groups.,0.0
303,E5,Phase A hybrid,0,0,0,0,0,0,,,,,Temporal support only; no causal attribution. TN/FPR undefined for incident groups.,0.0
303,E5,Phase A.2 hybrid,0,0,0,0,0,0,,,,,Temporal support only; no causal attribution. TN/FPR undefined for incident groups.,0.0
303,E6,Phase A hybrid,1,1,1,1,0,0,1.0,1.0,0.0,,Temporal support only; no causal attribution. TN/FPR undefined for incident groups.,0.0
303,E6,Phase A.2 hybrid,1,1,1,1,0,0,1.0,1.0,0.0,,Temporal support only; no causal attribution. TN/FPR undefined for incident groups.,0.0
303,E7,Phase A hybrid,1,1,1,1,0,0,1.0,1.0,25.0,,Temporal support only; no causal attribution. TN/FPR undefined for incident groups.,0.0
303,E7,Phase A.2 hybrid,1,1,1,1,0,0,1.0,1.0,25.0,,Temporal support only; no causal attribution. TN/FPR undefined for incident groups.,0.0
303,benign_command_burst,Phase A hybrid,0,0,0,0,0,0,,,,,Temporal support only; no causal attribution. TN/FPR undefined for incident groups.,0.0
303,benign_command_burst,Phase A.2 hybrid,0,0,0,0,0,0,,,,,Temporal support only; no causal attribution. TN/FPR undefined for incident groups.,0.0
303,benign_authorized_peer,Phase A hybrid,0,0,0,0,0,0,,,,,Temporal support only; no causal attribution. TN/FPR undefined for incident groups.,0.0
303,benign_authorized_peer,Phase A.2 hybrid,0,0,0,0,0,0,,,,,Temporal support only; no causal attribution. TN/FPR undefined for incident groups.,0.0
303,benign_load,Phase A hybrid,0,0,0,0,0,0,,,,,Temporal support only; no causal attribution. TN/FPR undefined for incident groups.,0.0
303,benign_load,Phase A.2 hybrid,0,0,0,0,0,0,,,,,Temporal support only; no causal attribution. TN/FPR undefined for incident groups.,0.0
303,benign_telemetry,Phase A hybrid,0,0,0,0,0,0,,,,,Temporal support only; no causal attribution. TN/FPR undefined for incident groups.,0.0
303,benign_telemetry,Phase A.2 hybrid,0,0,0,0,0,0,,,,,Temporal support only; no causal attribution. TN/FPR undefined for incident groups.,0.0
303,attack_primary_unauthorized,Phase A hybrid,0,0,0,0,0,0,,,,,Temporal support only; no causal attribution. TN/FPR undefined for incident groups.,0.0
303,attack_primary_unauthorized,Phase A.2 hybrid,0,0,0,0,0,0,,,,,Temporal support only; no causal attribution. TN/FPR undefined for incident groups.,0.0
303,attack_boundary_flood,Phase A hybrid,0,0,0,0,0,0,,,,,Temporal support only; no causal attribution. TN/FPR undefined for incident groups.,0.0
303,attack_boundary_flood,Phase A.2 hybrid,0,0,0,0,0,0,,,,,Temporal support only; no causal attribution. TN/FPR undefined for incident groups.,0.0
303,attack_low_network,Phase A hybrid,0,0,0,0,0,0,,,,,Temporal support only; no causal attribution. TN/FPR undefined for incident groups.,0.0
303,attack_low_network,Phase A.2 hybrid,0,0,0,0,0,0,,,,,Temporal support only; no causal attribution. TN/FPR undefined for incident groups.,0.0
303,attack_short_thermal,Phase A hybrid,0,0,0,0,0,0,,,,,Temporal support only; no causal attribution. TN/FPR undefined for incident groups.,0.0
303,attack_short_thermal,Phase A.2 hybrid,0,0,0,0,0,0,,,,,Temporal support only; no causal attribution. TN/FPR undefined for incident groups.,0.0
303,attack_reordered,Phase A hybrid,1,1,1,1,0,0,1.0,1.0,30.0,,Temporal support only; no causal attribution. TN/FPR undefined for incident groups.,0.0
303,attack_reordered,Phase A.2 hybrid,1,1,1,1,0,0,1.0,1.0,30.0,,Temporal support only; no causal attribution. TN/FPR undefined for incident groups.,0.0
601,E1,Phase A hybrid,0,0,0,0,0,0,,,,,Temporal support only; no causal attribution. TN/FPR undefined for incident groups.,0.0
601,E1,Phase A.2 hybrid,0,0,0,0,0,0,,,,,Temporal support only; no causal attribution. TN/FPR undefined for incident groups.,0.0
601,E7,Phase A hybrid,1,1,1,1,0,0,1.0,1.0,25.0,,Temporal support only; no causal attribution. TN/FPR undefined for incident groups.,0.0
601,E7,Phase A.2 hybrid,1,1,1,1,0,0,1.0,1.0,25.0,,Temporal support only; no causal attribution. TN/FPR undefined for incident groups.,0.0
601,nominal_thermal_regime,Phase A hybrid,0,0,0,0,0,0,,,,,Temporal support only; no causal attribution. TN/FPR undefined for incident groups.,0.0
601,nominal_thermal_regime,Phase A.2 hybrid,0,0,0,0,0,0,,,,,Temporal support only; no causal attribution. TN/FPR undefined for incident groups.,0.0
601,nominal_power_regime,Phase A hybrid,0,0,0,0,0,0,,,,,Temporal support only; no causal attribution. TN/FPR undefined for incident groups.,0.0
601,nominal_power_regime,Phase A.2 hybrid,0,0,0,0,0,0,,,,,Temporal support only; no causal attribution. TN/FPR undefined for incident groups.,0.0
601,operational_thermal_drift,Phase A hybrid,0,0,0,0,0,0,,,,,Temporal support only; no causal attribution. TN/FPR undefined for incident groups.,0.0
601,operational_thermal_drift,Phase A.2 hybrid,0,0,0,0,0,0,,,,,Temporal support only; no causal attribution. TN/FPR undefined for incident groups.,0.0
601,operational_power_relationship,Phase A hybrid,0,0,0,0,0,0,,,,,Temporal support only; no causal attribution. TN/FPR undefined for incident groups.,0.0
601,operational_power_relationship,Phase A.2 hybrid,0,0,0,0,0,0,,,,,Temporal support only; no causal attribution. TN/FPR undefined for incident groups.,0.0
601,operational_voltage_relationship,Phase A hybrid,0,0,0,0,0,0,,,,,Temporal support only; no causal attribution. TN/FPR undefined for incident groups.,0.0
601,operational_voltage_relationship,Phase A.2 hybrid,0,0,0,0,0,0,,,,,Temporal support only; no causal attribution. TN/FPR undefined for incident groups.,0.0
602,E1,Phase A hybrid,0,0,0,0,0,0,,,,,Temporal support only; no causal attribution. TN/FPR undefined for incident groups.,0.0
602,E1,Phase A.2 hybrid,0,0,0,0,0,0,,,,,Temporal support only; no causal attribution. TN/FPR undefined for incident groups.,0.0
602,E7,Phase A hybrid,1,1,1,1,0,0,1.0,1.0,25.0,,Temporal support only; no causal attribution. TN/FPR undefined for incident groups.,0.0
602,E7,Phase A.2 hybrid,1,1,1,1,0,0,1.0,1.0,25.0,,Temporal support only; no causal attribution. TN/FPR undefined for incident groups.,0.0
602,nominal_thermal_regime,Phase A hybrid,0,0,0,0,0,0,,,,,Temporal support only; no causal attribution. TN/FPR undefined for incident groups.,0.0
602,nominal_thermal_regime,Phase A.2 hybrid,0,0,0,0,0,0,,,,,Temporal support only; no causal attribution. TN/FPR undefined for incident groups.,0.0
602,nominal_power_regime,Phase A hybrid,0,0,0,0,0,0,,,,,Temporal support only; no causal attribution. TN/FPR undefined for incident groups.,0.0
602,nominal_power_regime,Phase A.2 hybrid,0,0,0,0,0,0,,,,,Temporal support only; no causal attribution. TN/FPR undefined for incident groups.,0.0
602,operational_thermal_drift,Phase A hybrid,0,0,0,0,0,0,,,,,Temporal support only; no causal attribution. TN/FPR undefined for incident groups.,0.0
602,operational_thermal_drift,Phase A.2 hybrid,0,0,0,0,0,0,,,,,Temporal support only; no causal attribution. TN/FPR undefined for incident groups.,0.0
602,operational_power_relationship,Phase A hybrid,0,0,0,0,0,0,,,,,Temporal support only; no causal attribution. TN/FPR undefined for incident groups.,0.0
602,operational_power_relationship,Phase A.2 hybrid,0,0,0,0,0,0,,,,,Temporal support only; no causal attribution. TN/FPR undefined for incident groups.,0.0
602,operational_voltage_relationship,Phase A hybrid,0,0,0,0,0,0,,,,,Temporal support only; no causal attribution. TN/FPR undefined for incident groups.,0.0
602,operational_voltage_relationship,Phase A.2 hybrid,0,0,0,0,0,0,,,,,Temporal support only; no causal attribution. TN/FPR undefined for incident groups.,0.0
603,E1,Phase A hybrid,0,0,0,0,0,0,,,,,Temporal support only; no causal attribution. TN/FPR undefined for incident groups.,0.0
603,E1,Phase A.2 hybrid,0,0,0,0,0,0,,,,,Temporal support only; no causal attribution. TN/FPR undefined for incident groups.,0.0
603,E7,Phase A hybrid,1,1,1,1,0,0,1.0,1.0,25.0,,Temporal support only; no causal attribution. TN/FPR undefined for incident groups.,0.0
603,E7,Phase A.2 hybrid,1,1,1,1,0,0,1.0,1.0,25.0,,Temporal support only; no causal attribution. TN/FPR undefined for incident groups.,0.0
603,nominal_thermal_regime,Phase A hybrid,0,0,0,0,0,0,,,,,Temporal support only; no causal attribution. TN/FPR undefined for incident groups.,0.0
603,nominal_thermal_regime,Phase A.2 hybrid,0,0,0,0,0,0,,,,,Temporal support only; no causal attribution. TN/FPR undefined for incident groups.,0.0
603,nominal_power_regime,Phase A hybrid,0,0,0,0,0,0,,,,,Temporal support only; no causal attribution. TN/FPR undefined for incident groups.,0.0
603,nominal_power_regime,Phase A.2 hybrid,0,0,0,0,0,0,,,,,Temporal support only; no causal attribution. TN/FPR undefined for incident groups.,0.0
603,operational_thermal_drift,Phase A hybrid,0,0,0,0,0,0,,,,,Temporal support only; no causal attribution. TN/FPR undefined for incident groups.,0.0
603,operational_thermal_drift,Phase A.2 hybrid,0,0,0,0,0,0,,,,,Temporal support only; no causal attribution. TN/FPR undefined for incident groups.,0.0
603,operational_power_relationship,Phase A hybrid,0,0,0,0,0,0,,,,,Temporal support only; no causal attribution. TN/FPR undefined for incident groups.,0.0
603,operational_power_relationship,Phase A.2 hybrid,0,0,0,0,0,0,,,,,Temporal support only; no causal attribution. TN/FPR undefined for incident groups.,0.0
603,operational_voltage_relationship,Phase A hybrid,0,0,0,0,0,0,,,,,Temporal support only; no causal attribution. TN/FPR undefined for incident groups.,0.0
603,operational_voltage_relationship,Phase A.2 hybrid,0,0,0,0,0,0,,,,,Temporal support only; no causal attribution. TN/FPR undefined for incident groups.,0.0
