cohort,case,method,runs,tp,fp,tn,fn,precision,recall,f1,fpr,fp_seconds_per_hour,false_alarm_episodes,episodes_per_hour,events_detected,events_total,event_recall,mean_event_delay_seconds
regression 301-303,E1,Phase A hybrid,3,0,7249,251951,0,0.0,,0.0,0.02796682098765432,100.68055555555556,1309,18.180555555555557,0,0,,
regression 301-303,E1,Phase A ML,3,0,7249,251951,0,0.0,,0.0,0.02796682098765432,100.68055555555556,1309,18.180555555555557,0,0,,
regression 301-303,E1,Phase A.2 hybrid,3,0,2732,256468,0,0.0,,0.0,0.010540123456790123,37.94444444444444,540,7.5,0,0,,
regression 301-303,E1,Rules only,3,0,0,259200,0,,,,0.0,0.0,0,0.0,0,0,,
regression 301-303,E1,ML only,3,0,2732,256468,0,0.0,,0.0,0.010540123456790123,37.94444444444444,540,7.5,0,0,,
regression 301-303,E1,Network only,3,0,0,259200,0,,,,0.0,0.0,0,0.0,0,0,,
regression 301-303,E1,Without ML,3,0,0,259200,0,,,,0.0,0.0,0,0.0,0,0,,
regression 301-303,E1,Without network,3,0,2732,256468,0,0.0,,0.0,0.010540123456790123,37.94444444444444,540,7.5,0,0,,
regression 301-303,E1,Without rules,3,0,2732,256468,0,0.0,,0.0,0.010540123456790123,37.94444444444444,540,7.5,0,0,,
regression 301-303,E1,Phase A ML + rolling R2,3,0,7249,251951,0,0.0,,0.0,0.02796682098765432,100.68055555555556,1309,18.180555555555557,0,0,,
regression 301-303,E1,Phase A ML + authorized network,3,0,7249,251951,0,0.0,,0.0,0.02796682098765432,100.68055555555556,1309,18.180555555555557,0,0,,
regression 301-303,E1,Phase A.2 ML + legacy rules/network,3,0,2732,256468,0,0.0,,0.0,0.010540123456790123,37.94444444444444,540,7.5,0,0,,
regression 301-303,E1,Historical original hybrid,3,0,14128,245072,0,0.0,,0.0,0.05450617283950617,196.22222222222223,2002,27.805555555555557,0,0,,
regression 301-303,E2,Phase A hybrid,3,3,7249,251948,0,0.0004136789851075565,1.0,0.0008270158511371468,0.027967144681458504,100.68055555555556,1309,18.180555555555557,3,3,1.0,0.0
regression 301-303,E2,Phase A ML,3,0,7249,251948,3,0.0,0.0,0.0,0.027967144681458504,100.68055555555556,1309,18.180555555555557,0,3,0.0,
regression 301-303,E2,Phase A.2 hybrid,3,3,2732,256465,0,0.0010968921389396709,1.0,0.002191380569758948,0.010540245450371724,37.94444444444444,540,7.5,3,3,1.0,0.0
regression 301-303,E2,Rules only,3,3,0,259197,0,1.0,1.0,1.0,0.0,0.0,0,0.0,3,3,1.0,0.0
regression 301-303,E2,ML only,3,0,2732,256465,3,0.0,0.0,0.0,0.010540245450371724,37.94444444444444,540,7.5,0,3,0.0,
regression 301-303,E2,Network only,3,0,0,259197,3,,0.0,0.0,0.0,0.0,0,0.0,0,3,0.0,
regression 301-303,E2,Without ML,3,3,0,259197,0,1.0,1.0,1.0,0.0,0.0,0,0.0,3,3,1.0,0.0
regression 301-303,E2,Without network,3,3,2732,256465,0,0.0010968921389396709,1.0,0.002191380569758948,0.010540245450371724,37.94444444444444,540,7.5,3,3,1.0,0.0
regression 301-303,E2,Without rules,3,0,2732,256465,3,0.0,0.0,0.0,0.010540245450371724,37.94444444444444,540,7.5,0,3,0.0,
regression 301-303,E2,Phase A ML + rolling R2,3,3,7249,251948,0,0.0004136789851075565,1.0,0.0008270158511371468,0.027967144681458504,100.68055555555556,1309,18.180555555555557,3,3,1.0,0.0
regression 301-303,E2,Phase A ML + authorized network,3,3,7249,251948,0,0.0004136789851075565,1.0,0.0008270158511371468,0.027967144681458504,100.68055555555556,1309,18.180555555555557,3,3,1.0,0.0
regression 301-303,E2,Phase A.2 ML + legacy rules/network,3,3,2732,256465,0,0.0010968921389396709,1.0,0.002191380569758948,0.010540245450371724,37.94444444444444,540,7.5,3,3,1.0,0.0
regression 301-303,E2,Historical original hybrid,3,3,14128,245069,0,0.00021229920033967873,1.0,0.0004245082779114193,0.0545068037052898,196.22222222222223,2002,27.805555555555557,3,3,1.0,0.0
regression 301-303,E3,Phase A hybrid,3,3,7249,251774,174,0.0004136789851075565,0.01694915254237288,0.0008076457127473415,0.027985931751234445,100.68055555555556,1309,18.180555555555557,3,3,1.0,18.0
regression 301-303,E3,Phase A ML,3,0,7249,251774,177,0.0,0.0,0.0,0.027985931751234445,100.68055555555556,1309,18.180555555555557,0,3,0.0,
regression 301-303,E3,Phase A.2 hybrid,3,3,2732,256291,174,0.0010968921389396709,0.01694915254237288,0.0020604395604395605,0.010547325913142848,37.94444444444444,540,7.5,3,3,1.0,18.0
regression 301-303,E3,Rules only,3,3,0,259023,174,1.0,0.01694915254237288,0.03333333333333333,0.0,0.0,0,0.0,3,3,1.0,18.0
regression 301-303,E3,ML only,3,0,2732,256291,177,0.0,0.0,0.0,0.010547325913142848,37.94444444444444,540,7.5,0,3,0.0,
regression 301-303,E3,Network only,3,0,0,259023,177,,0.0,0.0,0.0,0.0,0,0.0,0,3,0.0,
regression 301-303,E3,Without ML,3,3,0,259023,174,1.0,0.01694915254237288,0.03333333333333333,0.0,0.0,0,0.0,3,3,1.0,18.0
regression 301-303,E3,Without network,3,3,2732,256291,174,0.0010968921389396709,0.01694915254237288,0.0020604395604395605,0.010547325913142848,37.94444444444444,540,7.5,3,3,1.0,18.0
regression 301-303,E3,Without rules,3,0,2732,256291,177,0.0,0.0,0.0,0.010547325913142848,37.94444444444444,540,7.5,0,3,0.0,
regression 301-303,E3,Phase A ML + rolling R2,3,3,7249,251774,174,0.0004136789851075565,0.01694915254237288,0.0008076457127473415,0.027985931751234445,100.68055555555556,1309,18.180555555555557,3,3,1.0,18.0
regression 301-303,E3,Phase A ML + authorized network,3,3,7249,251774,174,0.0004136789851075565,0.01694915254237288,0.0008076457127473415,0.027985931751234445,100.68055555555556,1309,18.180555555555557,3,3,1.0,18.0
regression 301-303,E3,Phase A.2 ML + legacy rules/network,3,3,2732,256291,174,0.0010968921389396709,0.01694915254237288,0.0020604395604395605,0.010547325913142848,37.94444444444444,540,7.5,3,3,1.0,18.0
regression 301-303,E3,Historical original hybrid,3,8,14123,244900,169,0.0005661312009058099,0.04519774011299435,0.0011182555213866368,0.054524115619076295,196.15277777777777,1998,27.75,3,3,1.0,18.0
regression 301-303,E4,Phase A hybrid,3,360,7249,251591,0,0.04731239321855697,1.0,0.09035010666332037,0.02800571781795704,100.68055555555556,1309,18.180555555555557,3,3,1.0,0.0
regression 301-303,E4,Phase A ML,3,0,7249,251591,360,0.0,0.0,0.0,0.02800571781795704,100.68055555555556,1309,18.180555555555557,0,3,0.0,
regression 301-303,E4,Phase A.2 hybrid,3,360,2732,256108,0,0.11642949547218628,1.0,0.2085747392815759,0.010554782877453253,37.94444444444444,540,7.5,3,3,1.0,0.0
regression 301-303,E4,Rules only,3,0,0,258840,360,,0.0,0.0,0.0,0.0,0,0.0,0,3,0.0,
regression 301-303,E4,ML only,3,0,2732,256108,360,0.0,0.0,0.0,0.010554782877453253,37.94444444444444,540,7.5,0,3,0.0,
regression 301-303,E4,Network only,3,360,0,258840,0,1.0,1.0,1.0,0.0,0.0,0,0.0,3,3,1.0,0.0
regression 301-303,E4,Without ML,3,360,0,258840,0,1.0,1.0,1.0,0.0,0.0,0,0.0,3,3,1.0,0.0
regression 301-303,E4,Without network,3,0,2732,256108,360,0.0,0.0,0.0,0.010554782877453253,37.94444444444444,540,7.5,0,3,0.0,
regression 301-303,E4,Without rules,3,360,2732,256108,0,0.11642949547218628,1.0,0.2085747392815759,0.010554782877453253,37.94444444444444,540,7.5,3,3,1.0,0.0
regression 301-303,E4,Phase A ML + rolling R2,3,360,7249,251591,0,0.04731239321855697,1.0,0.09035010666332037,0.02800571781795704,100.68055555555556,1309,18.180555555555557,3,3,1.0,0.0
regression 301-303,E4,Phase A ML + authorized network,3,360,7249,251591,0,0.04731239321855697,1.0,0.09035010666332037,0.02800571781795704,100.68055555555556,1309,18.180555555555557,3,3,1.0,0.0
regression 301-303,E4,Phase A.2 ML + legacy rules/network,3,360,2732,256108,0,0.11642949547218628,1.0,0.2085747392815759,0.010554782877453253,37.94444444444444,540,7.5,3,3,1.0,0.0
regression 301-303,E4,Historical original hybrid,3,360,14123,244717,0,0.02485672857833322,1.0,0.048507714073974265,0.05456266419409674,196.15277777777777,1998,27.75,3,3,1.0,0.0
regression 301-303,E5,Phase A hybrid,3,543,7249,251408,0,0.06968685831622176,1.0,0.13029394121175764,0.028025531881990435,100.68055555555556,1309,18.180555555555557,3,3,1.0,0.0
regression 301-303,E5,Phase A ML,3,12,7249,251408,531,0.0016526649221870265,0.022099447513812154,0.0030753459764223477,0.028025531881990435,100.68055555555556,1309,18.180555555555557,3,3,1.0,19.333333333333332
regression 301-303,E5,Phase A.2 hybrid,3,543,2732,255925,0,0.16580152671755724,1.0,0.284442116291252,0.010562250393378103,37.94444444444444,540,7.5,3,3,1.0,0.0
regression 301-303,E5,Rules only,3,543,0,258657,0,1.0,1.0,1.0,0.0,0.0,0,0.0,3,3,1.0,0.0
regression 301-303,E5,ML only,3,17,2732,255925,526,0.0061840669334303384,0.03130755064456722,0.010328068043742407,0.010562250393378103,37.94444444444444,540,7.5,3,3,1.0,29.666666666666668
regression 301-303,E5,Network only,3,0,0,258657,543,,0.0,0.0,0.0,0.0,0,0.0,0,3,0.0,
regression 301-303,E5,Without ML,3,543,0,258657,0,1.0,1.0,1.0,0.0,0.0,0,0.0,3,3,1.0,0.0
regression 301-303,E5,Without network,3,543,2732,255925,0,0.16580152671755724,1.0,0.284442116291252,0.010562250393378103,37.94444444444444,540,7.5,3,3,1.0,0.0
regression 301-303,E5,Without rules,3,17,2732,255925,526,0.0061840669334303384,0.03130755064456722,0.010328068043742407,0.010562250393378103,37.94444444444444,540,7.5,3,3,1.0,29.666666666666668
regression 301-303,E5,Phase A ML + rolling R2,3,543,7249,251408,0,0.06968685831622176,1.0,0.13029394121175764,0.028025531881990435,100.68055555555556,1309,18.180555555555557,3,3,1.0,0.0
regression 301-303,E5,Phase A ML + authorized network,3,543,7249,251408,0,0.06968685831622176,1.0,0.13029394121175764,0.028025531881990435,100.68055555555556,1309,18.180555555555557,3,3,1.0,0.0
regression 301-303,E5,Phase A.2 ML + legacy rules/network,3,543,2732,255925,0,0.16580152671755724,1.0,0.284442116291252,0.010562250393378103,37.94444444444444,540,7.5,3,3,1.0,0.0
regression 301-303,E5,Historical original hybrid,3,543,14123,244534,0,0.03702441020046366,1.0,0.07140508909198501,0.05460126731540225,196.15277777777777,1998,27.75,3,3,1.0,0.0
regression 301-303,E6,Phase A hybrid,3,543,7249,251408,0,0.06968685831622176,1.0,0.13029394121175764,0.028025531881990435,100.68055555555556,1309,18.180555555555557,9,9,1.0,0.0
regression 301-303,E6,Phase A ML,3,12,7249,251408,531,0.0016526649221870265,0.022099447513812154,0.0030753459764223477,0.028025531881990435,100.68055555555556,1309,18.180555555555557,3,9,0.3333333333333333,19.333333333333332
regression 301-303,E6,Phase A.2 hybrid,3,543,2732,255925,0,0.16580152671755724,1.0,0.284442116291252,0.010562250393378103,37.94444444444444,540,7.5,9,9,1.0,0.0
regression 301-303,E6,Rules only,3,543,0,258657,0,1.0,1.0,1.0,0.0,0.0,0,0.0,6,9,0.6666666666666666,0.0
regression 301-303,E6,ML only,3,17,2732,255925,526,0.0061840669334303384,0.03130755064456722,0.010328068043742407,0.010562250393378103,37.94444444444444,540,7.5,3,9,0.3333333333333333,29.666666666666668
regression 301-303,E6,Network only,3,360,0,258657,183,1.0,0.6629834254143646,0.7973421926910299,0.0,0.0,0,0.0,3,9,0.3333333333333333,0.0
regression 301-303,E6,Without ML,3,543,0,258657,0,1.0,1.0,1.0,0.0,0.0,0,0.0,9,9,1.0,0.0
regression 301-303,E6,Without network,3,543,2732,255925,0,0.16580152671755724,1.0,0.284442116291252,0.010562250393378103,37.94444444444444,540,7.5,6,9,0.6666666666666666,0.0
regression 301-303,E6,Without rules,3,360,2732,255925,183,0.11642949547218628,0.6629834254143646,0.19807427785419532,0.010562250393378103,37.94444444444444,540,7.5,6,9,0.6666666666666666,14.833333333333334
regression 301-303,E6,Phase A ML + rolling R2,3,543,7249,251408,0,0.06968685831622176,1.0,0.13029394121175764,0.028025531881990435,100.68055555555556,1309,18.180555555555557,9,9,1.0,0.0
regression 301-303,E6,Phase A ML + authorized network,3,543,7249,251408,0,0.06968685831622176,1.0,0.13029394121175764,0.028025531881990435,100.68055555555556,1309,18.180555555555557,9,9,1.0,0.0
regression 301-303,E6,Phase A.2 ML + legacy rules/network,3,543,2732,255925,0,0.16580152671755724,1.0,0.284442116291252,0.010562250393378103,37.94444444444444,540,7.5,9,9,1.0,0.0
regression 301-303,E6,Historical original hybrid,3,543,14123,244534,0,0.03702441020046366,1.0,0.07140508909198501,0.05460126731540225,196.15277777777777,1998,27.75,9,9,1.0,0.0
regression 301-303,E7,Phase A hybrid,3,351,7254,251595,0,0.046153846153846156,1.0,0.08823529411764706,0.02802406035951462,100.75,1313,18.23611111111111,18,18,1.0,1.6666666666666667
regression 301-303,E7,Phase A ML,3,160,7254,251595,191,0.02158079309414621,0.45584045584045585,0.0412105602060528,0.02802406035951462,100.75,1313,18.23611111111111,3,18,0.16666666666666666,5.333333333333333
regression 301-303,E7,Phase A.2 hybrid,3,351,2732,256117,0,0.11385014596172559,1.0,0.20442632498543972,0.010554415894981245,37.94444444444444,540,7.5,18,18,1.0,1.6666666666666667
regression 301-303,E7,Rules only,3,189,0,258849,162,1.0,0.5384615384615384,0.7,0.0,0.0,0,0.0,9,18,0.5,3.3333333333333335
regression 301-303,E7,ML only,3,46,2732,256117,305,0.01655867530597552,0.13105413105413105,0.02940236497283477,0.010554415894981245,37.94444444444444,540,7.5,3,18,0.16666666666666666,19.0
regression 301-303,E7,Network only,3,348,0,258849,3,1.0,0.9914529914529915,0.9957081545064378,0.0,0.0,0,0.0,3,18,0.16666666666666666,0.0
regression 301-303,E7,Without ML,3,351,0,258849,0,1.0,1.0,1.0,0.0,0.0,0,0.0,18,18,1.0,1.6666666666666667
regression 301-303,E7,Without network,3,189,2732,256117,162,0.06470386853817185,0.5384615384615384,0.11552567237163815,0.010554415894981245,37.94444444444444,540,7.5,15,18,0.8333333333333334,2.0
regression 301-303,E7,Without rules,3,348,2732,256117,3,0.11298701298701298,0.9914529914529915,0.20285631011366947,0.010554415894981245,37.94444444444444,540,7.5,12,18,0.6666666666666666,4.75
regression 301-303,E7,Phase A ML + rolling R2,3,351,7254,251595,0,0.046153846153846156,1.0,0.08823529411764706,0.02802406035951462,100.75,1313,18.23611111111111,18,18,1.0,1.6666666666666667
regression 301-303,E7,Phase A ML + authorized network,3,351,7254,251595,0,0.046153846153846156,1.0,0.08823529411764706,0.02802406035951462,100.75,1313,18.23611111111111,18,18,1.0,1.6666666666666667
regression 301-303,E7,Phase A.2 ML + legacy rules/network,3,351,2732,256117,0,0.11385014596172559,1.0,0.20442632498543972,0.010554415894981245,37.94444444444444,540,7.5,18,18,1.0,1.6666666666666667
regression 301-303,E7,Historical original hybrid,3,351,14141,244708,0,0.024220259453491582,1.0,0.04729502122212491,0.05463030569946185,196.40277777777777,2006,27.86111111111111,18,18,1.0,1.6666666666666667
regression 301-303,benign_command_burst,Phase A hybrid,3,0,7252,251948,0,0.0,,0.0,0.027978395061728396,100.72222222222223,1312,18.22222222222222,0,0,,
regression 301-303,benign_command_burst,Phase A ML,3,0,7249,251951,0,0.0,,0.0,0.02796682098765432,100.68055555555556,1309,18.180555555555557,0,0,,
regression 301-303,benign_command_burst,Phase A.2 hybrid,3,0,2735,256465,0,0.0,,0.0,0.010551697530864197,37.986111111111114,543,7.541666666666667,0,0,,
regression 301-303,benign_command_burst,Rules only,3,0,3,259197,0,0.0,,0.0,1.1574074074074073e-05,0.041666666666666664,3,0.041666666666666664,0,0,,
regression 301-303,benign_command_burst,ML only,3,0,2732,256468,0,0.0,,0.0,0.010540123456790123,37.94444444444444,540,7.5,0,0,,
regression 301-303,benign_command_burst,Network only,3,0,0,259200,0,,,,0.0,0.0,0,0.0,0,0,,
regression 301-303,benign_command_burst,Without ML,3,0,3,259197,0,0.0,,0.0,1.1574074074074073e-05,0.041666666666666664,3,0.041666666666666664,0,0,,
regression 301-303,benign_command_burst,Without network,3,0,2735,256465,0,0.0,,0.0,0.010551697530864197,37.986111111111114,543,7.541666666666667,0,0,,
regression 301-303,benign_command_burst,Without rules,3,0,2732,256468,0,0.0,,0.0,0.010540123456790123,37.94444444444444,540,7.5,0,0,,
regression 301-303,benign_command_burst,Phase A ML + rolling R2,3,0,7252,251948,0,0.0,,0.0,0.027978395061728396,100.72222222222223,1312,18.22222222222222,0,0,,
regression 301-303,benign_command_burst,Phase A ML + authorized network,3,0,7252,251948,0,0.0,,0.0,0.027978395061728396,100.72222222222223,1312,18.22222222222222,0,0,,
regression 301-303,benign_command_burst,Phase A.2 ML + legacy rules/network,3,0,2735,256465,0,0.0,,0.0,0.010551697530864197,37.986111111111114,543,7.541666666666667,0,0,,
regression 301-303,benign_command_burst,Historical original hybrid,3,0,14131,245069,0,0.0,,0.0,0.054517746913580245,196.26388888888889,2005,27.84722222222222,0,0,,
regression 301-303,benign_authorized_peer,Phase A hybrid,3,0,7519,251681,0,0.0,,0.0,0.02900848765432099,104.43055555555556,1312,18.22222222222222,0,0,,
regression 301-303,benign_authorized_peer,Phase A ML,3,0,7249,251951,0,0.0,,0.0,0.02796682098765432,100.68055555555556,1309,18.180555555555557,0,0,,
regression 301-303,benign_authorized_peer,Phase A.2 hybrid,3,0,2732,256468,0,0.0,,0.0,0.010540123456790123,37.94444444444444,540,7.5,0,0,,
regression 301-303,benign_authorized_peer,Rules only,3,0,0,259200,0,,,,0.0,0.0,0,0.0,0,0,,
regression 301-303,benign_authorized_peer,ML only,3,0,2732,256468,0,0.0,,0.0,0.010540123456790123,37.94444444444444,540,7.5,0,0,,
regression 301-303,benign_authorized_peer,Network only,3,0,0,259200,0,,,,0.0,0.0,0,0.0,0,0,,
regression 301-303,benign_authorized_peer,Without ML,3,0,0,259200,0,,,,0.0,0.0,0,0.0,0,0,,
regression 301-303,benign_authorized_peer,Without network,3,0,2732,256468,0,0.0,,0.0,0.010540123456790123,37.94444444444444,540,7.5,0,0,,
regression 301-303,benign_authorized_peer,Without rules,3,0,2732,256468,0,0.0,,0.0,0.010540123456790123,37.94444444444444,540,7.5,0,0,,
regression 301-303,benign_authorized_peer,Phase A ML + rolling R2,3,0,7519,251681,0,0.0,,0.0,0.02900848765432099,104.43055555555556,1312,18.22222222222222,0,0,,
regression 301-303,benign_authorized_peer,Phase A ML + authorized network,3,0,7249,251951,0,0.0,,0.0,0.02796682098765432,100.68055555555556,1309,18.180555555555557,0,0,,
regression 301-303,benign_authorized_peer,Phase A.2 ML + legacy rules/network,3,0,3002,256198,0,0.0,,0.0,0.01158179012345679,41.69444444444444,543,7.541666666666667,0,0,,
regression 301-303,benign_authorized_peer,Historical original hybrid,3,0,14398,244802,0,0.0,,0.0,0.05554783950617284,199.97222222222223,2005,27.84722222222222,0,0,,
regression 301-303,benign_load,Phase A hybrid,3,0,7249,251951,0,0.0,,0.0,0.02796682098765432,100.68055555555556,1309,18.180555555555557,0,0,,
regression 301-303,benign_load,Phase A ML,3,0,7249,251951,0,0.0,,0.0,0.02796682098765432,100.68055555555556,1309,18.180555555555557,0,0,,
regression 301-303,benign_load,Phase A.2 hybrid,3,0,2732,256468,0,0.0,,0.0,0.010540123456790123,37.94444444444444,540,7.5,0,0,,
regression 301-303,benign_load,Rules only,3,0,0,259200,0,,,,0.0,0.0,0,0.0,0,0,,
regression 301-303,benign_load,ML only,3,0,2732,256468,0,0.0,,0.0,0.010540123456790123,37.94444444444444,540,7.5,0,0,,
regression 301-303,benign_load,Network only,3,0,0,259200,0,,,,0.0,0.0,0,0.0,0,0,,
regression 301-303,benign_load,Without ML,3,0,0,259200,0,,,,0.0,0.0,0,0.0,0,0,,
regression 301-303,benign_load,Without network,3,0,2732,256468,0,0.0,,0.0,0.010540123456790123,37.94444444444444,540,7.5,0,0,,
regression 301-303,benign_load,Without rules,3,0,2732,256468,0,0.0,,0.0,0.010540123456790123,37.94444444444444,540,7.5,0,0,,
regression 301-303,benign_load,Phase A ML + rolling R2,3,0,7249,251951,0,0.0,,0.0,0.02796682098765432,100.68055555555556,1309,18.180555555555557,0,0,,
regression 301-303,benign_load,Phase A ML + authorized network,3,0,7249,251951,0,0.0,,0.0,0.02796682098765432,100.68055555555556,1309,18.180555555555557,0,0,,
regression 301-303,benign_load,Phase A.2 ML + legacy rules/network,3,0,2732,256468,0,0.0,,0.0,0.010540123456790123,37.94444444444444,540,7.5,0,0,,
regression 301-303,benign_load,Historical original hybrid,3,0,14128,245072,0,0.0,,0.0,0.05450617283950617,196.22222222222223,2002,27.805555555555557,0,0,,
regression 301-303,benign_telemetry,Phase A hybrid,3,0,24159,235041,0,0.0,,0.0,0.09320601851851852,335.5416666666667,1274,17.694444444444443,0,0,,
regression 301-303,benign_telemetry,Phase A ML,3,0,24159,235041,0,0.0,,0.0,0.09320601851851852,335.5416666666667,1274,17.694444444444443,0,0,,
regression 301-303,benign_telemetry,Phase A.2 hybrid,3,0,6148,253052,0,0.0,,0.0,0.023719135802469135,85.38888888888889,1029,14.291666666666666,0,0,,
regression 301-303,benign_telemetry,Rules only,3,0,0,259200,0,,,,0.0,0.0,0,0.0,0,0,,
regression 301-303,benign_telemetry,ML only,3,0,6148,253052,0,0.0,,0.0,0.023719135802469135,85.38888888888889,1029,14.291666666666666,0,0,,
regression 301-303,benign_telemetry,Network only,3,0,0,259200,0,,,,0.0,0.0,0,0.0,0,0,,
regression 301-303,benign_telemetry,Without ML,3,0,0,259200,0,,,,0.0,0.0,0,0.0,0,0,,
regression 301-303,benign_telemetry,Without network,3,0,6148,253052,0,0.0,,0.0,0.023719135802469135,85.38888888888889,1029,14.291666666666666,0,0,,
regression 301-303,benign_telemetry,Without rules,3,0,6148,253052,0,0.0,,0.0,0.023719135802469135,85.38888888888889,1029,14.291666666666666,0,0,,
regression 301-303,benign_telemetry,Phase A ML + rolling R2,3,0,24159,235041,0,0.0,,0.0,0.09320601851851852,335.5416666666667,1274,17.694444444444443,0,0,,
regression 301-303,benign_telemetry,Phase A ML + authorized network,3,0,24159,235041,0,0.0,,0.0,0.09320601851851852,335.5416666666667,1274,17.694444444444443,0,0,,
regression 301-303,benign_telemetry,Phase A.2 ML + legacy rules/network,3,0,6148,253052,0,0.0,,0.0,0.023719135802469135,85.38888888888889,1029,14.291666666666666,0,0,,
regression 301-303,benign_telemetry,Historical original hybrid,3,0,25762,233438,0,0.0,,0.0,0.09939043209876543,357.80555555555554,1128,15.666666666666666,0,0,,
regression 301-303,attack_primary_unauthorized,Phase A hybrid,3,3,7249,251948,0,0.0004136789851075565,1.0,0.0008270158511371468,0.027967144681458504,100.68055555555556,1309,18.180555555555557,3,3,1.0,0.0
regression 301-303,attack_primary_unauthorized,Phase A ML,3,0,7249,251948,3,0.0,0.0,0.0,0.027967144681458504,100.68055555555556,1309,18.180555555555557,0,3,0.0,
regression 301-303,attack_primary_unauthorized,Phase A.2 hybrid,3,3,2732,256465,0,0.0010968921389396709,1.0,0.002191380569758948,0.010540245450371724,37.94444444444444,540,7.5,3,3,1.0,0.0
regression 301-303,attack_primary_unauthorized,Rules only,3,3,0,259197,0,1.0,1.0,1.0,0.0,0.0,0,0.0,3,3,1.0,0.0
regression 301-303,attack_primary_unauthorized,ML only,3,0,2732,256465,3,0.0,0.0,0.0,0.010540245450371724,37.94444444444444,540,7.5,0,3,0.0,
regression 301-303,attack_primary_unauthorized,Network only,3,0,0,259197,3,,0.0,0.0,0.0,0.0,0,0.0,0,3,0.0,
regression 301-303,attack_primary_unauthorized,Without ML,3,3,0,259197,0,1.0,1.0,1.0,0.0,0.0,0,0.0,3,3,1.0,0.0
regression 301-303,attack_primary_unauthorized,Without network,3,3,2732,256465,0,0.0010968921389396709,1.0,0.002191380569758948,0.010540245450371724,37.94444444444444,540,7.5,3,3,1.0,0.0
regression 301-303,attack_primary_unauthorized,Without rules,3,0,2732,256465,3,0.0,0.0,0.0,0.010540245450371724,37.94444444444444,540,7.5,0,3,0.0,
regression 301-303,attack_primary_unauthorized,Phase A ML + rolling R2,3,3,7249,251948,0,0.0004136789851075565,1.0,0.0008270158511371468,0.027967144681458504,100.68055555555556,1309,18.180555555555557,3,3,1.0,0.0
regression 301-303,attack_primary_unauthorized,Phase A ML + authorized network,3,3,7249,251948,0,0.0004136789851075565,1.0,0.0008270158511371468,0.027967144681458504,100.68055555555556,1309,18.180555555555557,3,3,1.0,0.0
regression 301-303,attack_primary_unauthorized,Phase A.2 ML + legacy rules/network,3,3,2732,256465,0,0.0010968921389396709,1.0,0.002191380569758948,0.010540245450371724,37.94444444444444,540,7.5,3,3,1.0,0.0
regression 301-303,attack_primary_unauthorized,Historical original hybrid,3,0,14128,245069,3,0.0,0.0,0.0,0.0545068037052898,196.22222222222223,2002,27.805555555555557,0,3,0.0,
regression 301-303,attack_boundary_flood,Phase A hybrid,3,0,7249,251915,36,0.0,0.0,0.0,0.027970705807905418,100.68055555555556,1309,18.180555555555557,0,3,0.0,
regression 301-303,attack_boundary_flood,Phase A ML,3,0,7249,251915,36,0.0,0.0,0.0,0.027970705807905418,100.68055555555556,1309,18.180555555555557,0,3,0.0,
regression 301-303,attack_boundary_flood,Phase A.2 hybrid,3,3,2732,256432,33,0.0010968921389396709,0.08333333333333333,0.0021652832912306026,0.010541587566174314,37.94444444444444,540,7.5,3,3,1.0,10.0
regression 301-303,attack_boundary_flood,Rules only,3,3,0,259164,33,1.0,0.08333333333333333,0.15384615384615385,0.0,0.0,0,0.0,3,3,1.0,10.0
regression 301-303,attack_boundary_flood,ML only,3,0,2732,256432,36,0.0,0.0,0.0,0.010541587566174314,37.94444444444444,540,7.5,0,3,0.0,
regression 301-303,attack_boundary_flood,Network only,3,0,0,259164,36,,0.0,0.0,0.0,0.0,0,0.0,0,3,0.0,
regression 301-303,attack_boundary_flood,Without ML,3,3,0,259164,33,1.0,0.08333333333333333,0.15384615384615385,0.0,0.0,0,0.0,3,3,1.0,10.0
regression 301-303,attack_boundary_flood,Without network,3,3,2732,256432,33,0.0010968921389396709,0.08333333333333333,0.0021652832912306026,0.010541587566174314,37.94444444444444,540,7.5,3,3,1.0,10.0
regression 301-303,attack_boundary_flood,Without rules,3,0,2732,256432,36,0.0,0.0,0.0,0.010541587566174314,37.94444444444444,540,7.5,0,3,0.0,
regression 301-303,attack_boundary_flood,Phase A ML + rolling R2,3,3,7249,251915,33,0.0004136789851075565,0.08333333333333333,0.000823271130625686,0.027970705807905418,100.68055555555556,1309,18.180555555555557,3,3,1.0,10.0
regression 301-303,attack_boundary_flood,Phase A ML + authorized network,3,0,7249,251915,36,0.0,0.0,0.0,0.027970705807905418,100.68055555555556,1309,18.180555555555557,0,3,0.0,
regression 301-303,attack_boundary_flood,Phase A.2 ML + legacy rules/network,3,0,2732,256432,36,0.0,0.0,0.0,0.010541587566174314,37.94444444444444,540,7.5,0,3,0.0,
regression 301-303,attack_boundary_flood,Historical original hybrid,3,0,14128,245036,36,0.0,0.0,0.0,0.054513744192866295,196.22222222222223,2002,27.805555555555557,0,3,0.0,
regression 301-303,attack_low_network,Phase A hybrid,3,3,7249,251681,267,0.0004136789851075565,0.011111111111111112,0.0007976601967561818,0.027995983470436026,100.68055555555556,1309,18.180555555555557,3,3,1.0,0.0
regression 301-303,attack_low_network,Phase A ML,3,0,7249,251681,270,0.0,0.0,0.0,0.027995983470436026,100.68055555555556,1309,18.180555555555557,0,3,0.0,
regression 301-303,attack_low_network,Phase A.2 hybrid,3,3,2732,256198,267,0.0010968921389396709,0.011111111111111112,0.0019966722129783694,0.010551114200749237,37.94444444444444,540,7.5,3,3,1.0,0.0
regression 301-303,attack_low_network,Rules only,3,0,0,258930,270,,0.0,0.0,0.0,0.0,0,0.0,0,3,0.0,
regression 301-303,attack_low_network,ML only,3,0,2732,256198,270,0.0,0.0,0.0,0.010551114200749237,37.94444444444444,540,7.5,0,3,0.0,
regression 301-303,attack_low_network,Network only,3,3,0,258930,267,1.0,0.011111111111111112,0.02197802197802198,0.0,0.0,0,0.0,3,3,1.0,0.0
regression 301-303,attack_low_network,Without ML,3,3,0,258930,267,1.0,0.011111111111111112,0.02197802197802198,0.0,0.0,0,0.0,3,3,1.0,0.0
regression 301-303,attack_low_network,Without network,3,0,2732,256198,270,0.0,0.0,0.0,0.010551114200749237,37.94444444444444,540,7.5,0,3,0.0,
regression 301-303,attack_low_network,Without rules,3,3,2732,256198,267,0.0010968921389396709,0.011111111111111112,0.0019966722129783694,0.010551114200749237,37.94444444444444,540,7.5,3,3,1.0,0.0
regression 301-303,attack_low_network,Phase A ML + rolling R2,3,3,7249,251681,267,0.0004136789851075565,0.011111111111111112,0.0007976601967561818,0.027995983470436026,100.68055555555556,1309,18.180555555555557,3,3,1.0,0.0
regression 301-303,attack_low_network,Phase A ML + authorized network,3,3,7249,251681,267,0.0004136789851075565,0.011111111111111112,0.0007976601967561818,0.027995983470436026,100.68055555555556,1309,18.180555555555557,3,3,1.0,0.0
regression 301-303,attack_low_network,Phase A.2 ML + legacy rules/network,3,3,2732,256198,267,0.0010968921389396709,0.011111111111111112,0.0019966722129783694,0.010551114200749237,37.94444444444444,540,7.5,3,3,1.0,0.0
regression 301-303,attack_low_network,Historical original hybrid,3,3,14128,244802,267,0.00021229920033967873,0.011111111111111112,0.0004166377334907298,0.054563009307534854,196.22222222222223,2002,27.805555555555557,3,3,1.0,0.0
regression 301-303,attack_short_thermal,Phase A hybrid,3,45,7249,251906,0,0.0061694543460378394,1.0,0.012263251124131354,0.02797167718160946,100.68055555555556,1309,18.180555555555557,3,3,1.0,0.0
regression 301-303,attack_short_thermal,Phase A ML,3,5,7249,251906,40,0.0006892748828232699,0.1111111111111111,0.0013700506918755994,0.02797167718160946,100.68055555555556,1309,18.180555555555557,2,3,0.6666666666666666,7.5
regression 301-303,attack_short_thermal,Phase A.2 hybrid,3,45,2732,256423,0,0.01620453727043572,1.0,0.031892274982282066,0.01054195365707781,37.94444444444444,540,7.5,3,3,1.0,0.0
regression 301-303,attack_short_thermal,Rules only,3,45,0,259155,0,1.0,1.0,1.0,0.0,0.0,0,0.0,3,3,1.0,0.0
regression 301-303,attack_short_thermal,ML only,3,5,2732,256423,40,0.001826817683595177,0.1111111111111111,0.0035945363048166786,0.01054195365707781,37.94444444444444,540,7.5,3,3,1.0,9.666666666666666
regression 301-303,attack_short_thermal,Network only,3,0,0,259155,45,,0.0,0.0,0.0,0.0,0,0.0,0,3,0.0,
regression 301-303,attack_short_thermal,Without ML,3,45,0,259155,0,1.0,1.0,1.0,0.0,0.0,0,0.0,3,3,1.0,0.0
regression 301-303,attack_short_thermal,Without network,3,45,2732,256423,0,0.01620453727043572,1.0,0.031892274982282066,0.01054195365707781,37.94444444444444,540,7.5,3,3,1.0,0.0
regression 301-303,attack_short_thermal,Without rules,3,5,2732,256423,40,0.001826817683595177,0.1111111111111111,0.0035945363048166786,0.01054195365707781,37.94444444444444,540,7.5,3,3,1.0,9.666666666666666
regression 301-303,attack_short_thermal,Phase A ML + rolling R2,3,45,7249,251906,0,0.0061694543460378394,1.0,0.012263251124131354,0.02797167718160946,100.68055555555556,1309,18.180555555555557,3,3,1.0,0.0
regression 301-303,attack_short_thermal,Phase A ML + authorized network,3,45,7249,251906,0,0.0061694543460378394,1.0,0.012263251124131354,0.02797167718160946,100.68055555555556,1309,18.180555555555557,3,3,1.0,0.0
regression 301-303,attack_short_thermal,Phase A.2 ML + legacy rules/network,3,45,2732,256423,0,0.01620453727043572,1.0,0.031892274982282066,0.01054195365707781,37.94444444444444,540,7.5,3,3,1.0,0.0
regression 301-303,attack_short_thermal,Historical original hybrid,3,45,14138,245017,0,0.00317281252203342,1.0,0.006325555243182457,0.05455422430591731,196.36111111111111,2004,27.833333333333332,3,3,1.0,0.0
regression 301-303,attack_reordered,Phase A hybrid,3,315,7249,251636,0,0.04164463246959281,1.0,0.0799593857088463,0.028000849798172935,100.68055555555556,1309,18.180555555555557,9,9,1.0,0.0
regression 301-303,attack_reordered,Phase A ML,3,5,7249,251636,310,0.0006892748828232699,0.015873015873015872,0.001321178491214163,0.028000849798172935,100.68055555555556,1309,18.180555555555557,2,9,0.2222222222222222,7.5
regression 301-303,attack_reordered,Phase A.2 hybrid,3,315,2732,256153,0,0.10338037413849688,1.0,0.18738845925044617,0.010552948220252236,37.94444444444444,540,7.5,9,9,1.0,0.0
regression 301-303,attack_reordered,Rules only,3,48,0,258885,267,1.0,0.1523809523809524,0.2644628099173554,0.0,0.0,0,0.0,6,9,0.6666666666666666,0.0
regression 301-303,attack_reordered,ML only,3,5,2732,256153,310,0.001826817683595177,0.015873015873015872,0.00327653997378768,0.010552948220252236,37.94444444444444,540,7.5,3,9,0.3333333333333333,9.666666666666666
regression 301-303,attack_reordered,Network only,3,270,0,258885,45,1.0,0.8571428571428571,0.9230769230769231,0.0,0.0,0,0.0,3,9,0.3333333333333333,0.0
regression 301-303,attack_reordered,Without ML,3,315,0,258885,0,1.0,1.0,1.0,0.0,0.0,0,0.0,9,9,1.0,0.0
regression 301-303,attack_reordered,Without network,3,48,2732,256153,267,0.017266187050359712,0.1523809523809524,0.031017770597738286,0.010552948220252236,37.94444444444444,540,7.5,6,9,0.6666666666666666,0.0
regression 301-303,attack_reordered,Without rules,3,275,2732,256153,40,0.09145327569005654,0.873015873015873,0.16556291390728478,0.010552948220252236,37.94444444444444,540,7.5,6,9,0.6666666666666666,4.833333333333333
regression 301-303,attack_reordered,Phase A ML + rolling R2,3,315,7249,251636,0,0.04164463246959281,1.0,0.0799593857088463,0.028000849798172935,100.68055555555556,1309,18.180555555555557,9,9,1.0,0.0
regression 301-303,attack_reordered,Phase A ML + authorized network,3,315,7249,251636,0,0.04164463246959281,1.0,0.0799593857088463,0.028000849798172935,100.68055555555556,1309,18.180555555555557,9,9,1.0,0.0
regression 301-303,attack_reordered,Phase A.2 ML + legacy rules/network,3,315,2732,256153,0,0.10338037413849688,1.0,0.18738845925044617,0.010552948220252236,37.94444444444444,540,7.5,9,9,1.0,0.0
regression 301-303,attack_reordered,Historical original hybrid,3,315,14138,244747,0,0.021794783090015913,1.0,0.04265980498374865,0.05461112076790853,196.36111111111111,2004,27.833333333333332,6,9,0.6666666666666666,0.0
independent 601-603,E1,Phase A hybrid,3,0,7398,251802,0,0.0,,0.0,0.028541666666666667,102.75,1258,17.47222222222222,0,0,,
independent 601-603,E1,Phase A ML,3,0,7398,251802,0,0.0,,0.0,0.028541666666666667,102.75,1258,17.47222222222222,0,0,,
independent 601-603,E1,Phase A.2 hybrid,3,0,2712,256488,0,0.0,,0.0,0.010462962962962962,37.666666666666664,554,7.694444444444445,0,0,,
independent 601-603,E1,Rules only,3,0,0,259200,0,,,,0.0,0.0,0,0.0,0,0,,
independent 601-603,E1,ML only,3,0,2712,256488,0,0.0,,0.0,0.010462962962962962,37.666666666666664,554,7.694444444444445,0,0,,
independent 601-603,E1,Network only,3,0,0,259200,0,,,,0.0,0.0,0,0.0,0,0,,
independent 601-603,E1,Without ML,3,0,0,259200,0,,,,0.0,0.0,0,0.0,0,0,,
independent 601-603,E1,Without network,3,0,2712,256488,0,0.0,,0.0,0.010462962962962962,37.666666666666664,554,7.694444444444445,0,0,,
independent 601-603,E1,Without rules,3,0,2712,256488,0,0.0,,0.0,0.010462962962962962,37.666666666666664,554,7.694444444444445,0,0,,
independent 601-603,E1,Phase A ML + rolling R2,3,0,7398,251802,0,0.0,,0.0,0.028541666666666667,102.75,1258,17.47222222222222,0,0,,
independent 601-603,E1,Phase A ML + authorized network,3,0,7398,251802,0,0.0,,0.0,0.028541666666666667,102.75,1258,17.47222222222222,0,0,,
independent 601-603,E1,Phase A.2 ML + legacy rules/network,3,0,2712,256488,0,0.0,,0.0,0.010462962962962962,37.666666666666664,554,7.694444444444445,0,0,,
independent 601-603,E7,Phase A hybrid,3,351,7398,251451,0,0.04529616724738676,1.0,0.08666666666666667,0.028580369250026078,102.75,1258,17.47222222222222,18,18,1.0,1.6666666666666667
independent 601-603,E7,Phase A ML,3,161,7398,251451,190,0.021299113639370287,0.4586894586894587,0.04070796460176991,0.028580369250026078,102.75,1258,17.47222222222222,3,18,0.16666666666666666,5.333333333333333
independent 601-603,E7,Phase A.2 hybrid,3,351,2712,256137,0,0.11459353574926542,1.0,0.2056239015817223,0.010477150771299097,37.666666666666664,554,7.694444444444445,18,18,1.0,1.6666666666666667
independent 601-603,E7,Rules only,3,189,0,258849,162,1.0,0.5384615384615384,0.7,0.0,0.0,0,0.0,9,18,0.5,3.3333333333333335
independent 601-603,E7,ML only,3,52,2712,256137,299,0.01881331403762663,0.14814814814814814,0.033386837881219905,0.010477150771299097,37.666666666666664,554,7.694444444444445,3,18,0.16666666666666666,20.333333333333332
independent 601-603,E7,Network only,3,348,0,258849,3,1.0,0.9914529914529915,0.9957081545064378,0.0,0.0,0,0.0,3,18,0.16666666666666666,0.0
independent 601-603,E7,Without ML,3,351,0,258849,0,1.0,1.0,1.0,0.0,0.0,0,0.0,18,18,1.0,1.6666666666666667
independent 601-603,E7,Without network,3,189,2712,256137,162,0.06514994829369183,0.5384615384615384,0.11623616236162361,0.010477150771299097,37.666666666666664,554,7.694444444444445,15,18,0.8333333333333334,2.0
independent 601-603,E7,Without rules,3,348,2712,256137,3,0.11372549019607843,0.9914529914529915,0.2040457343887423,0.010477150771299097,37.666666666666664,554,7.694444444444445,12,18,0.6666666666666666,5.083333333333333
independent 601-603,E7,Phase A ML + rolling R2,3,351,7398,251451,0,0.04529616724738676,1.0,0.08666666666666667,0.028580369250026078,102.75,1258,17.47222222222222,18,18,1.0,1.6666666666666667
independent 601-603,E7,Phase A ML + authorized network,3,351,7398,251451,0,0.04529616724738676,1.0,0.08666666666666667,0.028580369250026078,102.75,1258,17.47222222222222,18,18,1.0,1.6666666666666667
independent 601-603,E7,Phase A.2 ML + legacy rules/network,3,351,2712,256137,0,0.11459353574926542,1.0,0.2056239015817223,0.010477150771299097,37.666666666666664,554,7.694444444444445,18,18,1.0,1.6666666666666667
independent 601-603,nominal_thermal_regime,Phase A hybrid,3,0,9690,249510,0,0.0,,0.0,0.037384259259259256,134.58333333333334,1277,17.73611111111111,0,0,,
independent 601-603,nominal_thermal_regime,Phase A ML,3,0,9690,249510,0,0.0,,0.0,0.037384259259259256,134.58333333333334,1277,17.73611111111111,0,0,,
independent 601-603,nominal_thermal_regime,Phase A.2 hybrid,3,0,4029,255171,0,0.0,,0.0,0.015543981481481482,55.958333333333336,793,11.01388888888889,0,0,,
independent 601-603,nominal_thermal_regime,Rules only,3,0,0,259200,0,,,,0.0,0.0,0,0.0,0,0,,
independent 601-603,nominal_thermal_regime,ML only,3,0,4029,255171,0,0.0,,0.0,0.015543981481481482,55.958333333333336,793,11.01388888888889,0,0,,
independent 601-603,nominal_thermal_regime,Network only,3,0,0,259200,0,,,,0.0,0.0,0,0.0,0,0,,
independent 601-603,nominal_thermal_regime,Without ML,3,0,0,259200,0,,,,0.0,0.0,0,0.0,0,0,,
independent 601-603,nominal_thermal_regime,Without network,3,0,4029,255171,0,0.0,,0.0,0.015543981481481482,55.958333333333336,793,11.01388888888889,0,0,,
independent 601-603,nominal_thermal_regime,Without rules,3,0,4029,255171,0,0.0,,0.0,0.015543981481481482,55.958333333333336,793,11.01388888888889,0,0,,
independent 601-603,nominal_thermal_regime,Phase A ML + rolling R2,3,0,9690,249510,0,0.0,,0.0,0.037384259259259256,134.58333333333334,1277,17.73611111111111,0,0,,
independent 601-603,nominal_thermal_regime,Phase A ML + authorized network,3,0,9690,249510,0,0.0,,0.0,0.037384259259259256,134.58333333333334,1277,17.73611111111111,0,0,,
independent 601-603,nominal_thermal_regime,Phase A.2 ML + legacy rules/network,3,0,4029,255171,0,0.0,,0.0,0.015543981481481482,55.958333333333336,793,11.01388888888889,0,0,,
independent 601-603,nominal_power_regime,Phase A hybrid,3,0,10976,248224,0,0.0,,0.0,0.04234567901234568,152.44444444444446,1482,20.583333333333332,0,0,,
independent 601-603,nominal_power_regime,Phase A ML,3,0,10976,248224,0,0.0,,0.0,0.04234567901234568,152.44444444444446,1482,20.583333333333332,0,0,,
independent 601-603,nominal_power_regime,Phase A.2 hybrid,3,0,3875,255325,0,0.0,,0.0,0.014949845679012346,53.81944444444444,797,11.069444444444445,0,0,,
independent 601-603,nominal_power_regime,Rules only,3,0,0,259200,0,,,,0.0,0.0,0,0.0,0,0,,
independent 601-603,nominal_power_regime,ML only,3,0,3875,255325,0,0.0,,0.0,0.014949845679012346,53.81944444444444,797,11.069444444444445,0,0,,
independent 601-603,nominal_power_regime,Network only,3,0,0,259200,0,,,,0.0,0.0,0,0.0,0,0,,
independent 601-603,nominal_power_regime,Without ML,3,0,0,259200,0,,,,0.0,0.0,0,0.0,0,0,,
independent 601-603,nominal_power_regime,Without network,3,0,3875,255325,0,0.0,,0.0,0.014949845679012346,53.81944444444444,797,11.069444444444445,0,0,,
independent 601-603,nominal_power_regime,Without rules,3,0,3875,255325,0,0.0,,0.0,0.014949845679012346,53.81944444444444,797,11.069444444444445,0,0,,
independent 601-603,nominal_power_regime,Phase A ML + rolling R2,3,0,10976,248224,0,0.0,,0.0,0.04234567901234568,152.44444444444446,1482,20.583333333333332,0,0,,
independent 601-603,nominal_power_regime,Phase A ML + authorized network,3,0,10976,248224,0,0.0,,0.0,0.04234567901234568,152.44444444444446,1482,20.583333333333332,0,0,,
independent 601-603,nominal_power_regime,Phase A.2 ML + legacy rules/network,3,0,3875,255325,0,0.0,,0.0,0.014949845679012346,53.81944444444444,797,11.069444444444445,0,0,,
independent 601-603,operational_thermal_drift,Phase A hybrid,3,1,7397,250003,1799,0.00013517166801838335,0.0005555555555555556,0.00021743857360295715,0.02873737373737374,102.73611111111111,1257,17.458333333333332,1,3,0.3333333333333333,3.0
independent 601-603,operational_thermal_drift,Phase A ML,3,1,7397,250003,1799,0.00013517166801838335,0.0005555555555555556,0.00021743857360295715,0.02873737373737374,102.73611111111111,1257,17.458333333333332,1,3,0.3333333333333333,3.0
independent 601-603,operational_thermal_drift,Phase A.2 hybrid,3,0,2712,254688,1800,0.0,0.0,0.0,0.010536130536130537,37.666666666666664,554,7.694444444444445,0,3,0.0,
independent 601-603,operational_thermal_drift,Rules only,3,0,0,257400,1800,,0.0,0.0,0.0,0.0,0,0.0,0,3,0.0,
independent 601-603,operational_thermal_drift,ML only,3,0,2712,254688,1800,0.0,0.0,0.0,0.010536130536130537,37.666666666666664,554,7.694444444444445,0,3,0.0,
independent 601-603,operational_thermal_drift,Network only,3,0,0,257400,1800,,0.0,0.0,0.0,0.0,0,0.0,0,3,0.0,
independent 601-603,operational_thermal_drift,Without ML,3,0,0,257400,1800,,0.0,0.0,0.0,0.0,0,0.0,0,3,0.0,
independent 601-603,operational_thermal_drift,Without network,3,0,2712,254688,1800,0.0,0.0,0.0,0.010536130536130537,37.666666666666664,554,7.694444444444445,0,3,0.0,
independent 601-603,operational_thermal_drift,Without rules,3,0,2712,254688,1800,0.0,0.0,0.0,0.010536130536130537,37.666666666666664,554,7.694444444444445,0,3,0.0,
independent 601-603,operational_thermal_drift,Phase A ML + rolling R2,3,1,7397,250003,1799,0.00013517166801838335,0.0005555555555555556,0.00021743857360295715,0.02873737373737374,102.73611111111111,1257,17.458333333333332,1,3,0.3333333333333333,3.0
independent 601-603,operational_thermal_drift,Phase A ML + authorized network,3,1,7397,250003,1799,0.00013517166801838335,0.0005555555555555556,0.00021743857360295715,0.02873737373737374,102.73611111111111,1257,17.458333333333332,1,3,0.3333333333333333,3.0
independent 601-603,operational_thermal_drift,Phase A.2 ML + legacy rules/network,3,0,2712,254688,1800,0.0,0.0,0.0,0.010536130536130537,37.666666666666664,554,7.694444444444445,0,3,0.0,
independent 601-603,operational_power_relationship,Phase A hybrid,3,29,7397,250003,1771,0.0039051979531376244,0.01611111111111111,0.006286581400390201,0.02873737373737374,102.73611111111111,1257,17.458333333333332,3,3,1.0,0.3333333333333333
independent 601-603,operational_power_relationship,Phase A ML,3,29,7397,250003,1771,0.0039051979531376244,0.01611111111111111,0.006286581400390201,0.02873737373737374,102.73611111111111,1257,17.458333333333332,3,3,1.0,0.3333333333333333
independent 601-603,operational_power_relationship,Phase A.2 hybrid,3,12,2712,254688,1788,0.004405286343612335,0.006666666666666667,0.005305039787798408,0.010536130536130537,37.666666666666664,554,7.694444444444445,2,3,0.6666666666666666,5.0
independent 601-603,operational_power_relationship,Rules only,3,0,0,257400,1800,,0.0,0.0,0.0,0.0,0,0.0,0,3,0.0,
independent 601-603,operational_power_relationship,ML only,3,12,2712,254688,1788,0.004405286343612335,0.006666666666666667,0.005305039787798408,0.010536130536130537,37.666666666666664,554,7.694444444444445,2,3,0.6666666666666666,5.0
independent 601-603,operational_power_relationship,Network only,3,0,0,257400,1800,,0.0,0.0,0.0,0.0,0,0.0,0,3,0.0,
independent 601-603,operational_power_relationship,Without ML,3,0,0,257400,1800,,0.0,0.0,0.0,0.0,0,0.0,0,3,0.0,
independent 601-603,operational_power_relationship,Without network,3,12,2712,254688,1788,0.004405286343612335,0.006666666666666667,0.005305039787798408,0.010536130536130537,37.666666666666664,554,7.694444444444445,2,3,0.6666666666666666,5.0
independent 601-603,operational_power_relationship,Without rules,3,12,2712,254688,1788,0.004405286343612335,0.006666666666666667,0.005305039787798408,0.010536130536130537,37.666666666666664,554,7.694444444444445,2,3,0.6666666666666666,5.0
independent 601-603,operational_power_relationship,Phase A ML + rolling R2,3,29,7397,250003,1771,0.0039051979531376244,0.01611111111111111,0.006286581400390201,0.02873737373737374,102.73611111111111,1257,17.458333333333332,3,3,1.0,0.3333333333333333
independent 601-603,operational_power_relationship,Phase A ML + authorized network,3,29,7397,250003,1771,0.0039051979531376244,0.01611111111111111,0.006286581400390201,0.02873737373737374,102.73611111111111,1257,17.458333333333332,3,3,1.0,0.3333333333333333
independent 601-603,operational_power_relationship,Phase A.2 ML + legacy rules/network,3,12,2712,254688,1788,0.004405286343612335,0.006666666666666667,0.005305039787798408,0.010536130536130537,37.666666666666664,554,7.694444444444445,2,3,0.6666666666666666,5.0
independent 601-603,operational_voltage_relationship,Phase A hybrid,3,24,7397,250003,1776,0.003234065489826169,0.013333333333333334,0.00520550916386509,0.02873737373737374,102.73611111111111,1257,17.458333333333332,3,3,1.0,1.3333333333333333
independent 601-603,operational_voltage_relationship,Phase A ML,3,24,7397,250003,1776,0.003234065489826169,0.013333333333333334,0.00520550916386509,0.02873737373737374,102.73611111111111,1257,17.458333333333332,3,3,1.0,1.3333333333333333
independent 601-603,operational_voltage_relationship,Phase A.2 hybrid,3,10,2712,254688,1790,0.0036737692872887582,0.005555555555555556,0.004422821760283061,0.010536130536130537,37.666666666666664,554,7.694444444444445,1,3,0.3333333333333333,1.0
independent 601-603,operational_voltage_relationship,Rules only,3,0,0,257400,1800,,0.0,0.0,0.0,0.0,0,0.0,0,3,0.0,
independent 601-603,operational_voltage_relationship,ML only,3,10,2712,254688,1790,0.0036737692872887582,0.005555555555555556,0.004422821760283061,0.010536130536130537,37.666666666666664,554,7.694444444444445,1,3,0.3333333333333333,1.0
independent 601-603,operational_voltage_relationship,Network only,3,0,0,257400,1800,,0.0,0.0,0.0,0.0,0,0.0,0,3,0.0,
independent 601-603,operational_voltage_relationship,Without ML,3,0,0,257400,1800,,0.0,0.0,0.0,0.0,0,0.0,0,3,0.0,
independent 601-603,operational_voltage_relationship,Without network,3,10,2712,254688,1790,0.0036737692872887582,0.005555555555555556,0.004422821760283061,0.010536130536130537,37.666666666666664,554,7.694444444444445,1,3,0.3333333333333333,1.0
independent 601-603,operational_voltage_relationship,Without rules,3,10,2712,254688,1790,0.0036737692872887582,0.005555555555555556,0.004422821760283061,0.010536130536130537,37.666666666666664,554,7.694444444444445,1,3,0.3333333333333333,1.0
independent 601-603,operational_voltage_relationship,Phase A ML + rolling R2,3,24,7397,250003,1776,0.003234065489826169,0.013333333333333334,0.00520550916386509,0.02873737373737374,102.73611111111111,1257,17.458333333333332,3,3,1.0,1.3333333333333333
independent 601-603,operational_voltage_relationship,Phase A ML + authorized network,3,24,7397,250003,1776,0.003234065489826169,0.013333333333333334,0.00520550916386509,0.02873737373737374,102.73611111111111,1257,17.458333333333332,3,3,1.0,1.3333333333333333
independent 601-603,operational_voltage_relationship,Phase A.2 ML + legacy rules/network,3,10,2712,254688,1790,0.0036737692872887582,0.005555555555555556,0.004422821760283061,0.010536130536130537,37.666666666666664,554,7.694444444444445,1,3,0.3333333333333333,1.0
